日期,即期買入,即期賣出
2006-01-02,32.77,32.87
2006-01-03,32.595,32.695
2006-01-04,32.285,32.385
2006-01-05,31.97,32.07
2006-01-06,32.13,32.23
2006-01-09,31.895,31.995
2006-01-10,31.97,32.07
2006-01-11,32.01,32.11
2006-01-12,31.815,31.915
2006-01-13,31.945,32.045
2006-01-16,31.87,31.97
2006-01-17,31.93,32.03
2006-01-18,32.07,32.17
2006-01-19,32.085,32.185
2006-01-20,32.07,32.17
2006-01-23,31.93,32.03
2006-01-24,31.92,32.02
2006-01-25,31.92,32.02
2006-01-26,31.93,32.03
2006-01-27,31.935,32.035
2006-02-03,32.04,32.14
2006-02-06,32.04,32.14
2006-02-07,32.18,32.28
2006-02-08,32.29,32.39
2006-02-09,32.38,32.48
2006-02-10,32.22,32.32
2006-02-13,32.325,32.425
2006-02-14,32.255,32.355
2006-02-15,32.3,32.4
2006-02-16,32.35,32.45
2006-02-17,32.34,32.44
2006-02-20,32.35,32.45
2006-02-21,32.42,32.52
2006-02-22,32.59,32.69
2006-02-23,32.52,32.62
2006-02-24,32.44,32.54
2006-02-27,32.41,32.51
2006-03-01,32.235,32.335
2006-03-02,32.26,32.36
2006-03-03,32.35,32.45
2006-03-06,32.43,32.53
2006-03-07,32.47,32.57
2006-03-08,32.48,32.58
2006-03-09,32.47,32.57
2006-03-10,32.47,32.57
2006-03-13,32.45,32.55
2006-03-14,32.38,32.48
2006-03-15,32.35,32.45
2006-03-16,32.4,32.5
2006-03-17,32.38,32.48
2006-03-20,32.37,32.47
2006-03-21,32.45,32.55
2006-03-22,32.505,32.605
2006-03-23,32.53,32.63
2006-03-24,32.62,32.72
2006-03-27,32.52,32.62
2006-03-28,32.525,32.625
2006-03-29,32.55,32.65
2006-03-30,32.49,32.59
2006-03-31,32.41,32.51
2006-04-03,32.535,32.635
2006-04-04,32.425,32.525
2006-04-06,32.27,32.37
2006-04-07,32.275,32.375
2006-04-10,32.345,32.445
2006-04-11,32.39,32.49
2006-04-12,32.48,32.58
2006-04-13,32.45,32.55
2006-04-14,32.43,32.53
2006-04-17,32.41,32.51
2006-04-18,32.435,32.535
2006-04-19,32.37,32.47
2006-04-20,32.26,32.36
2006-04-21,32.25,32.35
2006-04-24,31.96,32.06
2006-04-25,31.93,32.03
2006-04-26,32,32.1
2006-04-27,31.875,31.975
2006-04-28,31.86,31.96
2006-05-02,31.73,31.83
2006-05-03,31.575,31.675
2006-05-04,31.64,31.74
2006-05-05,31.605,31.705
2006-05-08,31.33,31.43
2006-05-09,31.43,31.53
2006-05-10,31.29,31.39
2006-05-11,31.405,31.505
2006-05-12,31.35,31.45
2006-05-15,31.595,31.695
2006-05-16,31.77,31.87
2006-05-17,31.52,31.62
2006-05-18,31.805,31.905
2006-05-19,31.89,31.99
2006-05-22,32.095,32.195
2006-05-23,31.93,32.03
2006-05-24,31.96,32.06
2006-05-25,32.055,32.155
2006-05-26,31.995,32.095
2006-05-29,31.985,32.085
2006-05-30,31.975,32.075
2006-06-01,32.055,32.155
2006-06-02,32.035,32.135
2006-06-05,31.995,32.095
2006-06-06,32.005,32.105
2006-06-07,32.17,32.27
2006-06-08,32.465,32.565
2006-06-09,32.4,32.5
2006-06-12,32.49,32.59
2006-06-13,32.61,32.71
2006-06-14,32.56,32.66
2006-06-15,32.48,32.58
2006-06-16,32.43,32.53
2006-06-19,32.545,32.645
2006-06-20,32.555,32.655
2006-06-21,32.58,32.68
2006-06-22,32.585,32.685
2006-06-23,32.665,32.765
2006-06-26,32.675,32.775
2006-06-27,32.61,32.71
2006-06-28,32.6,32.7
2006-06-29,32.58,32.68
2006-06-30,32.32,32.42
2006-07-03,32.25,32.35
2006-07-04,32.19,32.29
2006-07-05,32.335,32.435
2006-07-06,32.395,32.495
2006-07-07,32.34,32.44
2006-07-10,32.285,32.385
2006-07-11,32.4,32.5
2006-07-12,32.43,32.53
2006-07-13,32.51,32.61
2006-07-14,32.635,32.735
2006-07-17,32.805,32.905
2006-07-18,32.815,32.915
2006-07-19,32.845,32.945
2006-07-20,32.695,32.795
2006-07-21,32.7,32.8
2006-07-24,32.8,32.9
2006-07-25,32.76,32.86
2006-07-26,32.79,32.89
2006-07-27,32.68,32.78
2006-07-28,32.74,32.84
2006-07-31,32.705,32.805
2006-08-01,32.765,32.865
2006-08-02,32.815,32.915
2006-08-03,32.81,32.91
2006-08-04,32.825,32.925
2006-08-07,32.77,32.87
2006-08-08,32.765,32.865
2006-08-09,32.74,32.84
2006-08-10,32.54,32.64
2006-08-11,32.595,32.695
2006-08-14,32.695,32.795
2006-08-15,32.7,32.8
2006-08-16,32.695,32.795
2006-08-17,32.58,32.68
2006-08-18,32.615,32.715
2006-08-21,32.65,32.75
2006-08-22,32.7,32.8
2006-08-23,32.73,32.83
2006-08-24,32.79,32.89
2006-08-25,32.83,32.93
2006-08-28,32.86,32.96
2006-08-29,32.82,32.92
2006-08-30,32.855,32.955
2006-08-31,32.85,32.95
2006-09-01,32.835,32.935
2006-09-04,32.7,32.8
2006-09-05,32.72,32.82
2006-09-06,32.765,32.865
2006-09-07,32.81,32.91
2006-09-08,32.83,32.93
2006-09-11,32.88,32.98
2006-09-12,32.855,32.955
2006-09-13,32.845,32.945
2006-09-14,32.86,32.96
2006-09-15,32.885,32.985
2006-09-18,32.875,32.975
2006-09-19,32.86,32.96
2006-09-20,32.86,32.96
2006-09-21,32.845,32.945
2006-09-22,32.89,32.99
2006-09-25,32.89,32.99
2006-09-26,32.89,32.99
2006-09-27,32.905,33.005
2006-09-28,32.945,33.045
2006-09-29,33.05,33.15
2006-10-02,33.08,33.18
2006-10-03,33.02,33.12
2006-10-04,33.07,33.17
2006-10-05,33.045,33.145
2006-10-11,33.24,33.34
2006-10-12,33.18,33.28
2006-10-13,33.08,33.18
2006-10-14,33.125,33.225
2006-10-16,33.185,33.285
2006-10-17,33.11,33.21
2006-10-18,33.11,33.21
2006-10-19,33.15,33.25
2006-10-20,33.155,33.255
2006-10-23,33.225,33.325
2006-10-24,33.26,33.36
2006-10-25,33.265,33.365
2006-10-26,33.215,33.315
2006-10-27,33.23,33.33
2006-10-30,33.18,33.28
2006-10-31,33.21,33.31
2006-11-01,33.115,33.215
2006-11-02,32.995,33.095
2006-11-03,32.87,32.97
2006-11-06,32.9,33
2006-11-07,32.785,32.885
2006-11-08,32.81,32.91
2006-11-09,32.815,32.915
2006-11-10,32.77,32.87
2006-11-13,32.685,32.785
2006-11-14,32.71,32.81
2006-11-15,32.755,32.855
2006-11-16,32.79,32.89
2006-11-17,32.885,32.985
2006-11-20,32.87,32.97
2006-11-21,32.825,32.925
2006-11-22,32.765,32.865
2006-11-23,32.74,32.84
2006-11-24,32.78,32.88
2006-11-27,32.655,32.755
2006-11-28,32.625,32.725
2006-11-29,32.46,32.56
2006-11-30,32.38,32.48
2006-12-01,32.32,32.42
2006-12-04,32.345,32.445
2006-12-05,32.245,32.345
2006-12-06,32.24,32.34
2006-12-07,32.25,32.35
2006-12-08,32.345,32.445
2006-12-11,32.43,32.53
2006-12-12,32.44,32.54
2006-12-13,32.47,32.57
2006-12-14,32.505,32.605
2006-12-15,32.54,32.64
2006-12-18,32.54,32.64
2006-12-19,32.68,32.78
2006-12-20,32.565,32.665
2006-12-21,32.515,32.615
2006-12-22,32.515,32.615
2006-12-25,32.55,32.65
2006-12-26,32.59,32.69
2006-12-27,32.63,32.73
2006-12-28,32.63,32.73
2006-12-29,32.545,32.645
2007-01-02,32.355,32.455
2007-01-03,32.345,32.445
2007-01-04,32.48,32.58
2007-01-05,32.56,32.66
2007-01-08,32.635,32.735
2007-01-09,32.64,32.74
2007-01-10,32.7,32.8
2007-01-11,32.73,32.83
2007-01-12,32.73,32.83
2007-01-15,32.7,32.8
2007-01-16,32.71,32.81
2007-01-17,32.75,32.85
2007-01-18,32.74,32.84
2007-01-19,32.755,32.855
2007-01-22,32.85,32.95
2007-01-23,32.9,33
2007-01-24,32.755,32.855
2007-01-25,32.8,32.9
2007-01-26,32.885,32.985
2007-01-29,32.925,33.025
2007-01-30,32.92,33.02
2007-01-31,32.9,33
2007-02-01,32.825,32.925
2007-02-02,32.865,32.965
2007-02-05,32.86,32.96
2007-02-06,32.91,33.01
2007-02-07,32.945,33.045
2007-02-08,32.955,33.055
2007-02-09,32.925,33.025
2007-02-12,32.96,33.06
2007-02-13,33.03,33.13
2007-02-14,32.94,33.04
2007-02-15,32.85,32.95
2007-02-16,32.93,33.03
2007-02-26,32.93,33.03
2007-02-27,32.895,32.995
2007-03-01,32.875,32.975
2007-03-02,32.86,32.96
2007-03-03,32.825,32.925
2007-03-05,32.85,32.95
2007-03-06,32.91,33.01
2007-03-07,32.925,33.025
2007-03-08,32.86,32.96
2007-03-09,32.915,33.015
2007-03-12,32.97,33.07
2007-03-13,32.93,33.03
2007-03-14,32.94,33.04
2007-03-15,32.975,33.075
2007-03-16,33.035,33.135
2007-03-19,33.06,33.16
2007-03-20,33.08,33.18
2007-03-21,33.055,33.155
2007-03-22,32.96,33.06
2007-03-23,32.98,33.08
2007-03-26,33.005,33.105
2007-03-27,33.03,33.13
2007-03-28,33.025,33.125
2007-03-29,33.015,33.115
2007-03-30,33.04,33.14
2007-04-02,33.04,33.14
2007-04-03,33.065,33.165
2007-04-04,33.03,33.13
2007-04-09,33.01,33.11
2007-04-10,33.04,33.14
2007-04-11,33.04,33.14
2007-04-12,33.06,33.16
2007-04-13,33.05,33.15
2007-04-14,33.06,33.16
2007-04-16,33.12,33.22
2007-04-17,33.115,33.215
2007-04-18,33.115,33.215
2007-04-19,33.07,33.17
2007-04-20,33.115,33.215
2007-04-23,33.115,33.215
2007-04-24,33.135,33.235
2007-04-25,33.15,33.25
2007-04-26,33.165,33.265
2007-04-27,33.21,33.31
2007-04-30,33.26,33.36
2007-05-02,33.25,33.35
2007-05-03,33.24,33.34
2007-05-04,33.23,33.33
2007-05-07,33.18,33.28
2007-05-08,33.21,33.31
2007-05-09,33.22,33.32
2007-05-10,33.25,33.35
2007-05-11,33.255,33.355
2007-05-14,33.27,33.37
2007-05-15,33.285,33.385
2007-05-16,33.305,33.405
2007-05-17,33.3,33.4
2007-05-18,33.33,33.43
2007-05-21,33.32,33.42
2007-05-22,33.345,33.445
2007-05-23,33.355,33.455
2007-05-24,33.26,33.36
2007-05-25,33.215,33.315
2007-05-28,33.1,33.2
2007-05-29,32.97,33.07
2007-05-30,32.925,33.025
2007-05-31,32.975,33.075
2007-06-01,32.975,33.075
2007-06-04,32.965,33.065
2007-06-05,32.955,33.055
2007-06-06,32.98,33.08
2007-06-07,32.985,33.085
2007-06-08,32.95,33.05
2007-06-11,32.965,33.065
2007-06-12,32.965,33.065
2007-06-13,32.985,33.085
2007-06-14,33.04,33.14
2007-06-15,33.095,33.195
2007-06-20,33,33.1
2007-06-21,32.89,32.99
2007-06-22,32.71,32.81
2007-06-23,32.68,32.78
2007-06-25,32.735,32.835
2007-06-26,32.735,32.835
2007-06-27,32.75,32.85
2007-06-28,32.79,32.89
2007-06-29,32.81,32.91
2007-07-02,32.735,32.835
2007-07-03,32.745,32.845
2007-07-04,32.75,32.85
2007-07-05,32.755,32.855
2007-07-06,32.785,32.885
2007-07-09,32.67,32.77
2007-07-10,32.725,32.825
2007-07-11,32.695,32.795
2007-07-12,32.735,32.835
2007-07-13,32.72,32.82
2007-07-16,32.76,32.86
2007-07-17,32.785,32.885
2007-07-18,32.78,32.88
2007-07-19,32.78,32.88
2007-07-20,32.75,32.85
2007-07-23,32.76,32.86
2007-07-24,32.72,32.82
2007-07-25,32.75,32.85
2007-07-26,32.785,32.885
2007-07-27,32.835,32.935
2007-07-30,32.8,32.9
2007-07-31,32.76,32.86
2007-08-01,32.84,32.94
2007-08-02,32.82,32.92
2007-08-03,32.82,32.92
2007-08-06,32.84,32.94
2007-08-07,32.85,32.95
2007-08-08,32.845,32.945
2007-08-09,32.835,32.935
2007-08-10,32.91,33.01
2007-08-13,32.92,33.02
2007-08-14,32.92,33.02
2007-08-15,32.975,33.075
2007-08-16,33.085,33.185
2007-08-17,32.9,33
2007-08-20,32.84,32.94
2007-08-21,32.875,32.975
2007-08-22,32.915,33.015
2007-08-23,32.905,33.005
2007-08-24,32.925,33.025
2007-08-27,32.94,33.04
2007-08-28,32.96,33.06
2007-08-29,33,33.1
2007-08-30,33.005,33.105
2007-08-31,32.95,33.05
2007-09-03,32.965,33.065
2007-09-04,32.985,33.085
2007-09-05,32.985,33.085
2007-09-06,32.99,33.09
2007-09-07,33,33.1
2007-09-10,33.01,33.11
2007-09-11,33.025,33.125
2007-09-12,33.03,33.13
2007-09-13,33.03,33.13
2007-09-14,33.03,33.13
2007-09-17,33.065,33.165
2007-09-18,33.07,33.17
2007-09-19,33.04,33.14
2007-09-20,33.02,33.12
2007-09-21,32.905,33.005
2007-09-26,32.88,32.98
2007-09-27,32.785,32.885
2007-09-28,32.625,32.725
2007-09-29,32.57,32.67
2007-10-01,32.52,32.62
2007-10-02,32.53,32.63
2007-10-03,32.525,32.625
2007-10-04,32.55,32.65
2007-10-05,32.55,32.65
2007-10-08,32.54,32.64
2007-10-09,32.55,32.65
2007-10-11,32.53,32.63
2007-10-12,32.54,32.64
2007-10-15,32.55,32.65
2007-10-16,32.56,32.66
2007-10-17,32.58,32.68
2007-10-18,32.55,32.65
2007-10-19,32.525,32.625
2007-10-22,32.525,32.625
2007-10-23,32.53,32.63
2007-10-24,32.515,32.615
2007-10-25,32.44,32.54
2007-10-26,32.405,32.505
2007-10-29,32.34,32.44
2007-10-30,32.355,32.455
2007-10-31,32.36,32.46
2007-11-01,32.335,32.435
2007-11-02,32.36,32.46
2007-11-05,32.355,32.455
2007-11-06,32.35,32.45
2007-11-07,32.31,32.41
2007-11-08,32.25,32.35
2007-11-09,32.215,32.315
2007-11-12,32.235,32.335
2007-11-13,32.25,32.35
2007-11-14,32.23,32.33
2007-11-15,32.245,32.345
2007-11-16,32.285,32.385
2007-11-19,32.32,32.42
2007-11-20,32.31,32.41
2007-11-21,32.295,32.395
2007-11-22,32.3,32.4
2007-11-23,32.28,32.38
2007-11-26,32.27,32.37
2007-11-27,32.28,32.38
2007-11-28,32.285,32.385
2007-11-29,32.26,32.36
2007-11-30,32.215,32.315
2007-12-03,32.26,32.36
2007-12-04,32.26,32.36
2007-12-05,32.265,32.365
2007-12-06,32.27,32.37
2007-12-07,32.26,32.36
2007-12-10,32.28,32.38
2007-12-11,32.29,32.39
2007-12-12,32.315,32.415
2007-12-13,32.32,32.42
2007-12-14,32.33,32.43
2007-12-17,32.43,32.53
2007-12-18,32.48,32.58
2007-12-19,32.455,32.555
2007-12-20,32.455,32.555
2007-12-21,32.43,32.53
2007-12-24,32.465,32.565
2007-12-25,32.445,32.545
2007-12-26,32.48,32.58
2007-12-27,32.48,32.58
2007-12-28,32.445,32.545
2007-12-31,32.38,32.48
2008-01-02,32.4,32.5
2008-01-03,32.385,32.485
2008-01-04,32.395,32.495
2008-01-07,32.425,32.525
2008-01-08,32.41,32.51
2008-01-09,32.425,32.525
2008-01-10,32.435,32.535
2008-01-11,32.42,32.52
2008-01-14,32.3,32.4
2008-01-15,32.205,32.305
2008-01-16,32.225,32.325
2008-01-17,32.235,32.335
2008-01-18,32.26,32.36
2008-01-21,32.295,32.395
2008-01-22,32.395,32.495
2008-01-23,32.35,32.45
2008-01-24,32.28,32.38
2008-01-25,32.25,32.35
2008-01-28,32.285,32.385
2008-01-29,32.25,32.35
2008-01-30,32.2,32.3
2008-01-31,32.12,32.22
2008-02-01,32.125,32.225
2008-02-04,32,32.1
2008-02-05,31.955,32.055
2008-02-12,31.83,31.93
2008-02-13,31.635,31.735
2008-02-14,31.65,31.75
2008-02-15,31.69,31.79
2008-02-18,31.695,31.795
2008-02-19,31.64,31.74
2008-02-20,31.595,31.695
2008-02-21,31.47,31.57
2008-02-22,31.4,31.5
2008-02-25,31.3,31.4
2008-02-26,31.15,31.25
2008-02-27,30.855,30.955
2008-02-29,30.88,30.98
2008-03-03,31.055,31.155
2008-03-04,30.89,30.99
2008-03-05,30.8,30.9
2008-03-06,30.69,30.79
2008-03-07,30.69,30.79
2008-03-10,30.585,30.685
2008-03-11,30.56,30.66
2008-03-12,30.64,30.74
2008-03-13,30.61,30.71
2008-03-14,30.695,30.795
2008-03-17,30.8,30.9
2008-03-18,30.7,30.8
2008-03-19,30.66,30.76
2008-03-20,30.64,30.74
2008-03-21,30.48,30.58
2008-03-24,30.15,30.25
2008-03-25,30.04,30.14
2008-03-26,29.94,30.04
2008-03-27,30.095,30.195
2008-03-28,30.35,30.45
2008-03-31,30.35,30.45
2008-04-01,30.25,30.35
2008-04-02,30.33,30.43
2008-04-03,30.37,30.47
2008-04-07,30.355,30.455
2008-04-08,30.46,30.56
2008-04-09,30.405,30.505
2008-04-10,30.25,30.35
2008-04-11,30.26,30.36
2008-04-14,30.26,30.36
2008-04-15,30.21,30.31
2008-04-16,30.2,30.3
2008-04-17,30.19,30.29
2008-04-18,30.235,30.335
2008-04-21,30.225,30.325
2008-04-22,30.23,30.33
2008-04-23,30.24,30.34
2008-04-24,30.24,30.34
2008-04-25,30.28,30.38
2008-04-28,30.355,30.455
2008-04-29,30.35,30.45
2008-04-30,30.39,30.49
2008-05-02,30.405,30.505
2008-05-05,30.44,30.54
2008-05-06,30.435,30.535
2008-05-07,30.465,30.565
2008-05-08,30.77,30.87
2008-05-09,30.59,30.69
2008-05-12,30.79,30.89
2008-05-13,30.83,30.93
2008-05-14,30.95,31.05
2008-05-15,30.83,30.93
2008-05-16,30.605,30.705
2008-05-19,30.5,30.6
2008-05-20,30.51,30.61
2008-05-21,30.43,30.53
2008-05-22,30.32,30.42
2008-05-23,30.44,30.54
2008-05-26,30.42,30.52
2008-05-27,30.47,30.57
2008-05-28,30.46,30.56
2008-05-29,30.405,30.505
2008-05-30,30.355,30.455
2008-06-02,30.16,30.26
2008-06-03,30.23,30.33
2008-06-04,30.3,30.4
2008-06-05,30.34,30.44
2008-06-06,30.28,30.38
2008-06-09,30.25,30.35
2008-06-10,30.29,30.39
2008-06-11,30.32,30.42
2008-06-12,30.4,30.5
2008-06-13,30.39,30.49
2008-06-16,30.31,30.41
2008-06-17,30.26,30.36
2008-06-18,30.29,30.39
2008-06-19,30.33,30.43
2008-06-20,30.32,30.42
2008-06-23,30.35,30.45
2008-06-24,30.39,30.49
2008-06-25,30.33,30.43
2008-06-26,30.32,30.42
2008-06-27,30.33,30.43
2008-06-30,30.29,30.39
2008-07-01,30.295,30.395
2008-07-02,30.32,30.42
2008-07-03,30.34,30.44
2008-07-04,30.355,30.455
2008-07-07,30.34,30.44
2008-07-08,30.345,30.445
2008-07-09,30.345,30.445
2008-07-10,30.355,30.455
2008-07-11,30.345,30.445
2008-07-14,30.35,30.45
2008-07-15,30.34,30.44
2008-07-16,30.325,30.425
2008-07-17,30.305,30.405
2008-07-18,30.305,30.405
2008-07-21,30.305,30.405
2008-07-22,30.325,30.425
2008-07-23,30.33,30.43
2008-07-24,30.36,30.46
2008-07-25,30.35,30.45
2008-07-29,30.415,30.515
2008-07-30,30.465,30.565
2008-07-31,30.555,30.655
2008-08-01,30.635,30.735
2008-08-04,30.63,30.73
2008-08-05,30.685,30.785
2008-08-06,30.7,30.8
2008-08-07,30.85,30.95
2008-08-08,31.09,31.19
2008-08-11,31.13,31.23
2008-08-12,31.135,31.235
2008-08-13,31.085,31.185
2008-08-14,31.2,31.3
2008-08-15,31.31,31.41
2008-08-18,31.275,31.375
2008-08-19,31.34,31.44
2008-08-20,31.345,31.445
2008-08-21,31.33,31.43
2008-08-22,31.315,31.415
2008-08-25,31.37,31.47
2008-08-26,31.47,31.57
2008-08-27,31.44,31.54
2008-08-28,31.42,31.52
2008-08-29,31.48,31.58
2008-09-01,31.56,31.66
2008-09-02,31.73,31.83
2008-09-03,31.79,31.89
2008-09-04,31.73,31.83
2008-09-05,31.82,31.92
2008-09-08,31.705,31.805
2008-09-09,31.815,31.915
2008-09-10,31.835,31.935
2008-09-11,32,32.1
2008-09-12,32,32.1
2008-09-15,31.99,32.09
2008-09-16,32.03,32.13
2008-09-17,32.035,32.135
2008-09-18,32.17,32.27
2008-09-19,32.115,32.215
2008-09-22,31.955,32.055
2008-09-23,31.875,31.975
2008-09-24,31.91,32.01
2008-09-25,31.945,32.045
2008-09-26,32,32.1
2008-09-29,32,32.1
2008-09-30,32.12,32.22
2008-10-01,31.98,32.08
2008-10-02,32.09,32.19
2008-10-03,32.13,32.23
2008-10-06,32.29,32.39
2008-10-07,32.31,32.41
2008-10-08,32.405,32.505
2008-10-09,32.385,32.485
2008-10-13,32.3,32.4
2008-10-14,32.335,32.435
2008-10-15,32.35,32.45
2008-10-16,32.48,32.58
2008-10-17,32.5,32.6
2008-10-20,32.53,32.63
2008-10-21,32.65,32.75
2008-10-22,32.94,33.04
2008-10-23,33.25,33.35
2008-10-24,33.385,33.485
2008-10-27,33.45,33.55
2008-10-28,33.4,33.5
2008-10-29,33.235,33.335
2008-10-30,32.71,32.81
2008-10-31,32.91,33.01
2008-11-03,32.82,32.92
2008-11-04,32.8,32.9
2008-11-05,32.755,32.855
2008-11-06,32.745,32.845
2008-11-07,32.77,32.87
2008-11-10,32.75,32.85
2008-11-11,32.805,32.905
2008-11-12,32.94,33.04
2008-11-13,33.12,33.22
2008-11-14,33.025,33.125
2008-11-17,33.11,33.21
2008-11-18,33.17,33.27
2008-11-19,33.2,33.3
2008-11-20,33.34,33.44
2008-11-21,33.33,33.43
2008-11-24,33.365,33.465
2008-11-25,33.29,33.39
2008-11-26,33.25,33.35
2008-11-27,33.24,33.34
2008-11-28,33.24,33.34
2008-12-01,33.295,33.395
2008-12-02,33.43,33.53
2008-12-03,33.465,33.565
2008-12-04,33.495,33.595
2008-12-05,33.49,33.59
2008-12-08,33.46,33.56
2008-12-09,33.48,33.58
2008-12-10,33.39,33.49
2008-12-11,33.25,33.35
2008-12-12,33.25,33.35
2008-12-15,33.14,33.24
2008-12-16,32.955,33.055
2008-12-17,32.63,32.73
2008-12-18,32.405,32.505
2008-12-19,32.47,32.57
2008-12-22,32.88,32.98
2008-12-23,32.92,33.02
2008-12-24,32.98,33.08
2008-12-25,32.935,33.035
2008-12-26,32.95,33.05
2008-12-29,32.935,33.035
2008-12-30,32.75,32.85
2008-12-31,32.75,32.85
2009-01-05,32.945,33.045
2009-01-06,32.98,33.08
2009-01-07,32.915,33.015
2009-01-08,33.05,33.15
2009-01-09,33.08,33.18
2009-01-10,33.095,33.195
2009-01-12,33.17,33.27
2009-01-13,33.195,33.295
2009-01-14,33.19,33.29
2009-01-15,33.31,33.41
2009-01-16,33.3,33.4
2009-01-17,33.27,33.37
2009-01-19,33.475,33.575
2009-01-20,33.58,33.68
2009-01-21,33.54,33.64
2009-01-22,33.47,33.57
2009-01-23,33.6,33.7
2009-02-02,33.68,33.78
2009-02-03,33.655,33.755
2009-02-04,33.61,33.71
2009-02-05,33.625,33.725
2009-02-06,33.65,33.75
2009-02-09,33.8,33.9
2009-02-10,33.88,33.98
2009-02-11,33.935,34.035
2009-02-12,33.97,34.07
2009-02-13,33.98,34.08
2009-02-16,34.2,34.3
2009-02-17,34.54,34.64
2009-02-18,34.595,34.695
2009-02-19,34.61,34.71
2009-02-20,34.75,34.85
2009-02-23,34.575,34.675
2009-02-24,34.725,34.825
2009-02-25,34.69,34.79
2009-02-26,34.79,34.89
2009-02-27,34.89,34.99
2009-03-02,35.115,35.215
2009-03-03,35.025,35.125
2009-03-04,35.005,35.105
2009-03-05,34.89,34.99
2009-03-06,34.7,34.8
2009-03-09,34.755,34.855
2009-03-10,34.535,34.635
2009-03-11,34.445,34.545
2009-03-12,34.435,34.535
2009-03-13,34.43,34.53
2009-03-16,34.35,34.45
2009-03-17,34.18,34.28
2009-03-18,34.08,34.18
2009-03-19,33.845,33.945
2009-03-20,33.725,33.825
2009-03-23,33.73,33.83
2009-03-24,33.72,33.82
2009-03-25,33.82,33.92
2009-03-26,33.755,33.855
2009-03-27,33.71,33.81
2009-03-30,33.935,34.035
2009-03-31,33.86,33.96
2009-04-01,33.775,33.875
2009-04-02,33.46,33.56
2009-04-03,33.3,33.4
2009-04-06,33.17,33.27
2009-04-07,33.49,33.59
2009-04-08,33.83,33.93
2009-04-09,33.72,33.82
2009-04-10,33.73,33.83
2009-04-13,33.635,33.735
2009-04-14,33.555,33.655
2009-04-15,33.73,33.83
2009-04-16,33.74,33.84
2009-04-17,33.75,33.85
2009-04-20,33.78,33.88
2009-04-21,33.81,33.91
2009-04-22,33.8,33.9
2009-04-23,33.76,33.86
2009-04-24,33.65,33.75
2009-04-27,33.67,33.77
2009-04-28,33.74,33.84
2009-04-29,33.605,33.705
2009-04-30,33.1,33.2
2009-05-04,33.07,33.17
2009-05-05,33.05,33.15
2009-05-06,33.12,33.22
2009-05-07,33.07,33.17
2009-05-08,32.98,33.08
2009-05-11,32.825,32.925
2009-05-12,32.84,32.94
2009-05-13,32.83,32.93
2009-05-14,32.895,32.995
2009-05-15,32.88,32.98
2009-05-18,32.94,33.04
2009-05-19,32.825,32.925
2009-05-20,32.79,32.89
2009-05-21,32.66,32.76
2009-05-22,32.62,32.72
2009-05-25,32.565,32.665
2009-05-26,32.6,32.7
2009-05-27,32.57,32.67
2009-06-01,32.28,32.38
2009-06-02,32.45,32.55
2009-06-03,32.44,32.54
2009-06-04,32.54,32.64
2009-06-05,32.54,32.64
2009-06-06,32.65,32.75
2009-06-08,32.81,32.91
2009-06-09,32.79,32.89
2009-06-10,32.65,32.75
2009-06-11,32.735,32.835
2009-06-12,32.735,32.835
2009-06-15,32.88,32.98
2009-06-16,32.83,32.93
2009-06-17,32.83,32.93
2009-06-18,32.845,32.945
2009-06-19,32.815,32.915
2009-06-22,32.84,32.94
2009-06-23,32.87,32.97
2009-06-24,32.805,32.905
2009-06-25,32.9,33
2009-06-26,32.875,32.975
2009-06-29,32.885,32.985
2009-06-30,32.76,32.86
2009-07-01,32.72,32.82
2009-07-02,32.86,32.96
2009-07-03,32.83,32.93
2009-07-06,32.925,33.025
2009-07-07,32.93,33.03
2009-07-08,32.975,33.075
2009-07-09,32.92,33.02
2009-07-10,32.99,33.09
2009-07-13,33.13,33.23
2009-07-14,33.035,33.135
2009-07-15,32.92,33.02
2009-07-16,32.9,33
2009-07-17,32.895,32.995
2009-07-20,32.74,32.84
2009-07-21,32.74,32.84
2009-07-22,32.82,32.92
2009-07-23,32.745,32.845
2009-07-24,32.85,32.95
2009-07-27,32.76,32.86
2009-07-28,32.68,32.78
2009-07-29,32.81,32.91
2009-07-30,32.805,32.905
2009-07-31,32.76,32.86
2009-08-03,32.71,32.81
2009-08-04,32.615,32.715
2009-08-05,32.66,32.76
2009-08-06,32.73,32.83
2009-08-10,32.76,32.86
2009-08-11,32.795,32.895
2009-08-12,32.89,32.99
2009-08-13,32.84,32.94
2009-08-14,32.84,32.94
2009-08-17,32.925,33.025
2009-08-18,32.91,33.01
2009-08-19,32.95,33.05
2009-08-20,32.91,33.01
2009-08-21,32.85,32.95
2009-08-24,32.805,32.905
2009-08-25,32.86,32.96
2009-08-26,32.87,32.97
2009-08-27,32.865,32.965
2009-08-28,32.87,32.97
2009-08-31,32.87,32.97
2009-09-01,32.8,32.9
2009-09-02,32.86,32.96
2009-09-03,32.85,32.95
2009-09-04,32.85,32.95
2009-09-07,32.805,32.905
2009-09-08,32.7,32.8
2009-09-09,32.69,32.79
2009-09-10,32.595,32.695
2009-09-11,32.575,32.675
2009-09-14,32.605,32.705
2009-09-15,32.585,32.685
2009-09-16,32.43,32.53
2009-09-17,32.35,32.45
2009-09-18,32.4,32.5
2009-09-21,32.365,32.465
2009-09-22,32.325,32.425
2009-09-23,32.31,32.41
2009-09-24,32.34,32.44
2009-09-25,32.375,32.475
2009-09-28,32.42,32.52
2009-09-29,32.32,32.42
2009-09-30,32.115,32.215
2009-10-01,32.22,32.32
2009-10-02,32.26,32.36
2009-10-05,32.2,32.3
2009-10-06,32.12,32.22
2009-10-07,32.115,32.215
2009-10-08,32.09,32.19
2009-10-09,32.185,32.285
2009-10-12,32.23,32.33
2009-10-13,32.245,32.345
2009-10-14,32.185,32.285
2009-10-15,32.16,32.26
2009-10-16,32.23,32.33
2009-10-19,32.27,32.37
2009-10-20,32.22,32.32
2009-10-21,32.3,32.4
2009-10-22,32.345,32.445
2009-10-23,32.345,32.445
2009-10-26,32.34,32.44
2009-10-27,32.415,32.515
2009-10-28,32.435,32.535
2009-10-29,32.525,32.625
2009-10-30,32.475,32.575
2009-11-02,32.495,32.595
2009-11-03,32.51,32.61
2009-11-04,32.5,32.6
2009-11-05,32.48,32.58
2009-11-06,32.45,32.55
2009-11-09,32.3,32.4
2009-11-10,32.29,32.39
2009-11-11,32.25,32.35
2009-11-12,32.27,32.37
2009-11-13,32.25,32.35
2009-11-16,32.13,32.23
2009-11-17,32.05,32.15
2009-11-18,32.07,32.17
2009-11-19,32.22,32.32
2009-11-20,32.285,32.385
2009-11-23,32.2,32.3
2009-11-24,32.22,32.32
2009-11-25,32.18,32.28
2009-11-26,32.185,32.285
2009-11-27,32.28,32.38
2009-11-30,32.12,32.22
2009-12-01,32.14,32.24
2009-12-02,32.11,32.21
2009-12-03,32.08,32.18
2009-12-04,32.11,32.21
2009-12-07,32.215,32.315
2009-12-08,32.27,32.37
2009-12-09,32.27,32.37
2009-12-10,32.24,32.34
2009-12-11,32.185,32.285
2009-12-14,32.25,32.35
2009-12-15,32.23,32.33
2009-12-16,32.27,32.37
2009-12-17,32.29,32.39
2009-12-18,32.32,32.42
2009-12-21,32.33,32.43
2009-12-22,32.305,32.405
2009-12-23,32.3,32.4
2009-12-24,32.23,32.33
2009-12-25,32.21,32.31
2009-12-28,32.235,32.335
2009-12-29,32.225,32.325
2009-12-30,32.15,32.25
2009-12-31,31.94,32.04
2010-01-04,31.77,31.87
2010-01-05,31.805,31.905
2010-01-06,31.82,31.92
2010-01-07,31.82,31.92
2010-01-08,31.825,31.925
2010-01-11,31.72,31.82
2010-01-12,31.73,31.83
2010-01-13,31.75,31.85
2010-01-14,31.7,31.8
2010-01-15,31.755,31.855
2010-01-18,31.73,31.83
2010-01-19,31.74,31.84
2010-01-20,31.85,31.95
2010-01-21,31.86,31.96
2010-01-22,31.92,32.02
2010-01-25,31.915,32.015
2010-01-26,31.99,32.09
2010-01-27,32.02,32.12
2010-01-28,31.935,32.035
2010-01-29,31.93,32.03
2010-02-01,32,32.1
2010-02-02,32,32.1
2010-02-03,31.94,32.04
2010-02-04,31.96,32.06
2010-02-05,32.07,32.17
2010-02-06,32.07,32.17
2010-02-08,32.12,32.22
2010-02-09,32.04,32.14
2010-02-10,32.01,32.11
2010-02-11,31.99,32.09
2010-02-12,32.04,32.14
2010-02-22,32.03,32.13
2010-02-23,31.99,32.09
2010-02-24,32.02,32.12
2010-02-25,32.05,32.15
2010-02-26,32.025,32.125
2010-03-01,31.985,32.085
2010-03-02,31.98,32.08
2010-03-03,31.94,32.04
2010-03-04,31.93,32.03
2010-03-05,31.92,32.02
2010-03-08,31.83,31.93
2010-03-09,31.79,31.89
2010-03-10,31.77,31.87
2010-03-11,31.78,31.88
2010-03-12,31.75,31.85
2010-03-15,31.76,31.86
2010-03-16,31.76,31.86
2010-03-17,31.67,31.77
2010-03-18,31.71,31.81
2010-03-19,31.72,31.82
2010-03-22,31.77,31.87
2010-03-23,31.785,31.885
2010-03-24,31.78,31.88
2010-03-25,31.81,31.91
2010-03-26,31.825,31.925
2010-03-29,31.755,31.855
2010-03-30,31.75,31.85
2010-03-31,31.75,31.85
2010-04-01,31.72,31.82
2010-04-02,31.69,31.79
2010-04-06,31.63,31.73
2010-04-07,31.54,31.64
2010-04-08,31.57,31.67
2010-04-09,31.53,31.63
2010-04-12,31.49,31.59
2010-04-13,31.52,31.62
2010-04-14,31.395,31.495
2010-04-15,31.31,31.41
2010-04-16,31.325,31.425
2010-04-19,31.41,31.51
2010-04-20,31.385,31.485
2010-04-21,31.31,31.41
2010-04-22,31.33,31.43
2010-04-23,31.335,31.435
2010-04-26,31.28,31.38
2010-04-27,31.32,31.42
2010-04-28,31.43,31.53
2010-04-29,31.385,31.485
2010-04-30,31.33,31.43
2010-05-03,31.405,31.505
2010-05-04,31.38,31.48
2010-05-05,31.48,31.58
2010-05-06,31.65,31.75
2010-05-07,31.73,31.83
2010-05-10,31.5,31.6
2010-05-11,31.67,31.77
2010-05-12,31.7,31.8
2010-05-13,31.65,31.75
2010-05-14,31.69,31.79
2010-05-17,31.85,31.95
2010-05-18,31.83,31.93
2010-05-19,31.95,32.05
2010-05-20,32.055,32.155
2010-05-21,32.13,32.23
2010-05-24,32.06,32.16
2010-05-25,32.24,32.34
2010-05-26,32.25,32.35
2010-05-27,32.08,32.18
2010-05-28,32,32.1
2010-05-31,32,32.1
2010-06-01,32.22,32.32
2010-06-02,32.23,32.33
2010-06-03,32.13,32.23
2010-06-04,32.22,32.32
2010-06-07,32.41,32.51
2010-06-08,32.37,32.47
2010-06-09,32.41,32.51
2010-06-10,32.4,32.5
2010-06-11,32.34,32.44
2010-06-14,32.24,32.34
2010-06-15,32.245,32.345
2010-06-17,32.23,32.33
2010-06-18,32.11,32.21
2010-06-21,31.75,31.85
2010-06-22,31.83,31.93
2010-06-23,31.96,32.06
2010-06-24,32.03,32.13
2010-06-25,32.04,32.14
2010-06-28,32.05,32.15
2010-06-29,32.13,32.23
2010-06-30,32.1,32.2
2010-07-01,32.2,32.3
2010-07-02,32.2,32.3
2010-07-05,32.14,32.24
2010-07-06,32.13,32.23
2010-07-07,32.14,32.24
2010-07-08,32.065,32.165
2010-07-09,32.04,32.14
2010-07-12,32.09,32.19
2010-07-13,32.17,32.27
2010-07-14,32.08,32.18
2010-07-15,32.09,32.19
2010-07-16,32.06,32.16
2010-07-19,32.1,32.2
2010-07-20,32.09,32.19
2010-07-21,32.08,32.18
2010-07-22,32.13,32.23
2010-07-23,32.085,32.185
2010-07-26,32.06,32.16
2010-07-27,32,32.1
2010-07-28,31.99,32.09
2010-07-29,31.97,32.07
2010-07-30,31.96,32.06
2010-08-02,31.78,31.88
2010-08-03,31.74,31.84
2010-08-04,31.77,31.87
2010-08-05,31.77,31.87
2010-08-06,31.73,31.83
2010-08-09,31.68,31.78
2010-08-10,31.755,31.855
2010-08-11,31.79,31.89
2010-08-12,31.87,31.97
2010-08-13,31.875,31.975
2010-08-16,31.9,32
2010-08-17,31.885,31.985
2010-08-18,31.89,31.99
2010-08-19,31.865,31.965
2010-08-20,31.865,31.965
2010-08-23,31.89,31.99
2010-08-24,31.96,32.06
2010-08-25,31.985,32.085
2010-08-26,31.965,32.065
2010-08-27,31.96,32.06
2010-08-30,31.975,32.075
2010-08-31,32,32.1
2010-09-01,31.99,32.09
2010-09-02,31.96,32.06
2010-09-03,31.915,32.015
2010-09-06,31.85,31.95
2010-09-07,31.925,32.025
2010-09-08,31.915,32.015
2010-09-09,31.85,31.95
2010-09-10,31.825,31.925
2010-09-13,31.74,31.84
2010-09-14,31.7,31.8
2010-09-15,31.72,31.82
2010-09-16,31.705,31.805
2010-09-17,31.65,31.75
2010-09-20,31.64,31.74
2010-09-21,31.65,31.75
2010-09-23,31.5,31.6
2010-09-24,31.49,31.59
2010-09-27,31.37,31.47
2010-09-28,31.4,31.5
2010-09-29,31.25,31.35
2010-09-30,31.21,31.31
2010-10-01,31.1,31.2
2010-10-04,31,31.1
2010-10-05,31.05,31.15
2010-10-06,30.83,30.93
2010-10-07,30.68,30.78
2010-10-08,30.94,31.04
2010-10-11,30.77,30.87
2010-10-12,30.95,31.05
2010-10-13,30.82,30.92
2010-10-14,30.64,30.74
2010-10-15,30.655,30.755
2010-10-18,30.76,30.86
2010-10-19,30.825,30.925
2010-10-20,30.85,30.95
2010-10-21,30.745,30.845
2010-10-22,30.8,30.9
2010-10-25,30.61,30.71
2010-10-26,30.61,30.71
2010-10-27,30.75,30.85
2010-10-28,30.65,30.75
2010-10-29,30.62,30.72
2010-11-01,30.445,30.545
2010-11-02,30.44,30.54
2010-11-03,30.38,30.48
2010-11-04,30.23,30.33
2010-11-05,30.08,30.18
2010-11-08,30.11,30.21
2010-11-09,30.11,30.21
2010-11-10,30.12,30.22
2010-11-11,30,30.1
2010-11-12,30.165,30.265
2010-11-15,30.25,30.35
2010-11-16,30.215,30.315
2010-11-17,30.395,30.495
2010-11-18,30.34,30.44
2010-11-19,30.27,30.37
2010-11-22,30.22,30.32
2010-11-23,30.385,30.485
2010-11-24,30.4,30.5
2010-11-25,30.34,30.44
2010-11-26,30.41,30.51
2010-11-29,30.38,30.48
2010-11-30,30.435,30.535
2010-12-01,30.385,30.485
2010-12-02,30.31,30.41
2010-12-03,30.28,30.38
2010-12-06,30.105,30.205
2010-12-07,30.075,30.175
2010-12-08,30.13,30.23
2010-12-09,30.06,30.16
2010-12-10,30.02,30.12
2010-12-13,30,30.1
2010-12-14,29.88,29.98
2010-12-15,29.84,29.94
2010-12-16,29.825,29.925
2010-12-17,29.8,29.9
2010-12-20,29.84,29.94
2010-12-21,29.825,29.925
2010-12-22,29.85,29.95
2010-12-23,29.83,29.93
2010-12-24,29.67,29.77
2010-12-27,29.47,29.57
2010-12-28,29.43,29.53
2010-12-29,29.35,29.45
2010-12-30,29.08,29.18
2010-12-31,29.08,29.18
2011-01-03,29.065,29.165
2011-01-04,29.11,29.21
2011-01-05,29.14,29.24
2011-01-06,29.22,29.32
2011-01-07,29.31,29.41
2011-01-10,29.19,29.29
2011-01-11,29.15,29.25
2011-01-12,29.05,29.15
2011-01-13,28.985,29.085
2011-01-14,28.965,29.065
2011-01-17,28.97,29.07
2011-01-18,28.975,29.075
2011-01-19,28.965,29.065
2011-01-20,29.045,29.145
2011-01-21,29.07,29.17
2011-01-24,29.005,29.105
2011-01-25,28.97,29.07
2011-01-26,28.99,29.09
2011-01-27,28.985,29.085
2011-01-28,28.955,29.055
2011-01-31,28.985,29.085
2011-02-01,28.975,29.075
2011-02-08,28.855,28.955
2011-02-09,28.73,28.83
2011-02-10,28.875,28.975
2011-02-11,29.14,29.24
2011-02-14,29.25,29.35
2011-02-15,29.39,29.49
2011-02-16,29.38,29.48
2011-02-17,29.36,29.46
2011-02-18,29.315,29.415
2011-02-21,29.3,29.4
2011-02-22,29.5,29.6
2011-02-23,29.52,29.62
2011-02-24,29.72,29.82
2011-02-25,29.69,29.79
2011-03-01,29.535,29.635
2011-03-02,29.595,29.695
2011-03-03,29.445,29.545
2011-03-04,29.32,29.42
2011-03-07,29.345,29.445
2011-03-08,29.34,29.44
2011-03-09,29.31,29.41
2011-03-10,29.44,29.54
2011-03-11,29.52,29.62
2011-03-14,29.43,29.53
2011-03-15,29.49,29.59
2011-03-16,29.495,29.595
2011-03-17,29.515,29.615
2011-03-18,29.535,29.635
2011-03-21,29.52,29.62
2011-03-22,29.49,29.59
2011-03-23,29.53,29.63
2011-03-24,29.53,29.63
2011-03-25,29.415,29.515
2011-03-28,29.44,29.54
2011-03-29,29.425,29.525
2011-03-30,29.43,29.53
2011-03-31,29.35,29.45
2011-04-01,29.23,29.33
2011-04-06,28.965,29.065
2011-04-07,28.93,29.03
2011-04-08,28.895,28.995
2011-04-11,28.89,28.99
2011-04-12,29.04,29.14
2011-04-13,28.965,29.065
2011-04-14,28.96,29.06
2011-04-15,28.975,29.075
2011-04-18,29.03,29.13
2011-04-19,29.04,29.14
2011-04-20,28.96,29.06
2011-04-21,28.83,28.93
2011-04-22,28.85,28.95
2011-04-25,28.855,28.955
2011-04-26,28.86,28.96
2011-04-27,28.81,28.91
2011-04-28,28.635,28.735
2011-04-29,28.565,28.665
2011-05-03,28.49,28.59
2011-05-04,28.515,28.615
2011-05-05,28.55,28.65
2011-05-06,28.625,28.725
2011-05-09,28.55,28.65
2011-05-10,28.525,28.625
2011-05-11,28.46,28.56
2011-05-12,28.57,28.67
2011-05-13,28.6,28.7
2011-05-16,28.75,28.85
2011-05-17,28.79,28.89
2011-05-18,28.77,28.87
2011-05-19,28.765,28.865
2011-05-20,28.71,28.81
2011-05-23,28.87,28.97
2011-05-24,28.84,28.94
2011-05-25,28.9,29
2011-05-26,28.82,28.92
2011-05-27,28.765,28.865
2011-05-30,28.72,28.82
2011-05-31,28.61,28.71
2011-06-01,28.53,28.63
2011-06-02,28.64,28.74
2011-06-03,28.615,28.715
2011-06-07,28.645,28.745
2011-06-08,28.63,28.73
2011-06-09,28.675,28.775
2011-06-10,28.73,28.83
2011-06-13,28.775,28.875
2011-06-14,28.77,28.87
2011-06-15,28.775,28.875
2011-06-16,28.88,28.98
2011-06-17,28.9,29
2011-06-20,28.925,29.025
2011-06-21,28.87,28.97
2011-06-22,28.785,28.885
2011-06-23,28.83,28.93
2011-06-24,28.84,28.94
2011-06-27,28.89,28.99
2011-06-28,28.865,28.965
2011-06-29,28.84,28.94
2011-06-30,28.675,28.775
2011-07-01,28.7,28.8
2011-07-04,28.65,28.75
2011-07-05,28.73,28.83
2011-07-06,28.75,28.85
2011-07-07,28.77,28.87
2011-07-08,28.71,28.81
2011-07-11,28.775,28.875
2011-07-12,28.86,28.96
2011-07-13,28.82,28.92
2011-07-14,28.76,28.86
2011-07-15,28.83,28.93
2011-07-18,28.88,28.98
2011-07-19,28.84,28.94
2011-07-20,28.815,28.915
2011-07-21,28.82,28.92
2011-07-22,28.77,28.87
2011-07-25,28.78,28.88
2011-07-26,28.73,28.83
2011-07-27,28.725,28.825
2011-07-28,28.745,28.845
2011-07-29,28.78,28.88
2011-08-01,28.75,28.85
2011-08-02,28.79,28.89
2011-08-03,28.84,28.94
2011-08-04,28.865,28.965
2011-08-05,28.9,29
2011-08-08,28.93,29.03
2011-08-09,28.96,29.06
2011-08-10,28.91,29.01
2011-08-11,28.94,29.04
2011-08-12,28.935,29.035
2011-08-15,28.865,28.965
2011-08-16,28.875,28.975
2011-08-17,28.875,28.975
2011-08-18,28.915,29.015
2011-08-19,28.95,29.05
2011-08-22,28.955,29.055
2011-08-23,28.925,29.025
2011-08-24,28.96,29.06
2011-08-25,28.975,29.075
2011-08-26,28.985,29.085
2011-08-29,28.975,29.075
2011-08-30,28.975,29.075
2011-08-31,28.955,29.055
2011-09-01,28.9,29
2011-09-02,28.95,29.05
2011-09-05,28.98,29.08
2011-09-06,29.045,29.145
2011-09-07,29.04,29.14
2011-09-08,29.085,29.185
2011-09-09,29.145,29.245
2011-09-13,29.42,29.52
2011-09-14,29.53,29.63
2011-09-15,29.55,29.65
2011-09-16,29.515,29.615
2011-09-19,29.67,29.77
2011-09-20,29.85,29.95
2011-09-21,29.895,29.995
2011-09-22,30.33,30.43
2011-09-23,30.34,30.44
2011-09-26,30.53,30.63
2011-09-27,30.41,30.51
2011-09-28,30.35,30.45
2011-09-29,30.365,30.465
2011-09-30,30.43,30.53
2011-10-03,30.53,30.63
2011-10-04,30.63,30.73
2011-10-05,30.58,30.68
2011-10-06,30.55,30.65
2011-10-07,30.43,30.53
2011-10-11,30.285,30.385
2011-10-12,30.33,30.43
2011-10-13,30.215,30.315
2011-10-14,30.235,30.335
2011-10-17,29.98,30.08
2011-10-18,30.09,30.19
2011-10-19,30.04,30.14
2011-10-20,30.195,30.295
2011-10-21,30.23,30.33
2011-10-24,30.08,30.18
2011-10-25,30.065,30.165
2011-10-26,30.07,30.17
2011-10-27,30.01,30.11
2011-10-28,29.81,29.91
2011-10-31,29.87,29.97
2011-11-01,30.025,30.125
2011-11-02,30.05,30.15
2011-11-03,30.145,30.245
2011-11-04,29.965,30.065
2011-11-07,30.045,30.145
2011-11-08,30.05,30.15
2011-11-09,30.005,30.105
2011-11-10,30.185,30.285
2011-11-11,30.13,30.23
2011-11-14,30.11,30.21
2011-11-15,30.14,30.24
2011-11-16,30.165,30.265
2011-11-17,30.145,30.245
2011-11-18,30.195,30.295
2011-11-21,30.205,30.305
2011-11-22,30.25,30.35
2011-11-23,30.34,30.44
2011-11-24,30.38,30.48
2011-11-25,30.39,30.49
2011-11-28,30.39,30.49
2011-11-29,30.33,30.43
2011-11-30,30.28,30.38
2011-12-01,30.075,30.175
2011-12-02,30.095,30.195
2011-12-05,30.12,30.22
2011-12-06,30.145,30.245
2011-12-07,30.11,30.21
2011-12-08,30.115,30.215
2011-12-09,30.16,30.26
2011-12-12,30.16,30.26
2011-12-13,30.195,30.295
2011-12-14,30.225,30.325
2011-12-15,30.305,30.405
2011-12-16,30.305,30.405
2011-12-19,30.33,30.43
2011-12-20,30.29,30.39
2011-12-21,30.23,30.33
2011-12-22,30.245,30.345
2011-12-23,30.23,30.33
2011-12-26,30.24,30.34
2011-12-27,30.255,30.355
2011-12-28,30.25,30.35
2011-12-29,30.23,30.33
2011-12-30,30.225,30.325
2012-01-02,30.26,30.36
2012-01-03,30.24,30.34
2012-01-04,30.235,30.335
2012-01-05,30.2,30.3
2012-01-06,30.175,30.275
2012-01-09,30.15,30.25
2012-01-10,29.99,30.09
2012-01-11,29.92,30.02
2012-01-12,29.92,30.02
2012-01-13,29.93,30.03
2012-01-16,29.98,30.08
2012-01-17,29.915,30.015
2012-01-18,29.915,30.015
2012-01-19,29.87,29.97
2012-01-20,29.93,30.03
2012-01-30,29.695,29.795
2012-01-31,29.53,29.63
2012-02-01,29.61,29.71
2012-02-02,29.46,29.56
2012-02-03,29.475,29.575
2012-02-04,29.43,29.53
2012-02-06,29.535,29.635
2012-02-07,29.51,29.61
2012-02-08,29.46,29.56
2012-02-09,29.4,29.5
2012-02-10,29.475,29.575
2012-02-13,29.47,29.57
2012-02-14,29.515,29.615
2012-02-15,29.46,29.56
2012-02-16,29.54,29.64
2012-02-17,29.51,29.61
2012-02-20,29.49,29.59
2012-02-21,29.5,29.6
2012-02-22,29.51,29.61
2012-02-23,29.53,29.63
2012-02-24,29.515,29.615
2012-02-29,29.33,29.43
2012-03-01,29.395,29.495
2012-03-02,29.38,29.48
2012-03-03,29.38,29.48
2012-03-05,29.44,29.54
2012-03-06,29.46,29.56
2012-03-07,29.485,29.585
2012-03-08,29.455,29.555
2012-03-09,29.43,29.53
2012-03-12,29.465,29.565
2012-03-13,29.45,29.55
2012-03-14,29.465,29.565
2012-03-15,29.485,29.585
2012-03-16,29.485,29.585
2012-03-19,29.465,29.565
2012-03-20,29.49,29.59
2012-03-21,29.495,29.595
2012-03-22,29.5,29.6
2012-03-23,29.515,29.615
2012-03-26,29.565,29.665
2012-03-27,29.52,29.62
2012-03-28,29.495,29.595
2012-03-29,29.505,29.605
2012-03-30,29.46,29.56
2012-04-02,29.44,29.54
2012-04-03,29.41,29.51
2012-04-05,29.435,29.535
2012-04-06,29.47,29.57
2012-04-09,29.49,29.59
2012-04-10,29.48,29.58
2012-04-11,29.48,29.58
2012-04-12,29.47,29.57
2012-04-13,29.455,29.555
2012-04-16,29.465,29.565
2012-04-17,29.45,29.55
2012-04-18,29.45,29.55
2012-04-19,29.445,29.545
2012-04-20,29.45,29.55
2012-04-23,29.44,29.54
2012-04-24,29.435,29.535
2012-04-25,29.42,29.52
2012-04-26,29.32,29.42
2012-04-27,29.23,29.33
2012-04-30,29.09,29.19
2012-05-02,29.13,29.23
2012-05-03,29.17,29.27
2012-05-04,29.185,29.285
2012-05-07,29.285,29.385
2012-05-08,29.27,29.37
2012-05-09,29.3,29.4
2012-05-10,29.3,29.4
2012-05-11,29.35,29.45
2012-05-14,29.44,29.54
2012-05-15,29.42,29.52
2012-05-16,29.565,29.665
2012-05-17,29.485,29.585
2012-05-18,29.55,29.65
2012-05-21,29.515,29.615
2012-05-22,29.46,29.56
2012-05-23,29.49,29.59
2012-05-24,29.54,29.64
2012-05-25,29.56,29.66
2012-05-28,29.55,29.65
2012-05-29,29.555,29.655
2012-05-30,29.655,29.755
2012-05-31,29.795,29.895
2012-06-01,29.86,29.96
2012-06-04,29.975,30.075
2012-06-05,29.93,30.03
2012-06-06,29.84,29.94
2012-06-07,29.815,29.915
2012-06-08,29.91,30.01
2012-06-11,29.84,29.94
2012-06-12,29.9,30
2012-06-13,29.895,29.995
2012-06-14,29.89,29.99
2012-06-15,29.85,29.95
2012-06-18,29.8,29.9
2012-06-19,29.81,29.91
2012-06-20,29.795,29.895
2012-06-21,29.82,29.92
2012-06-22,29.88,29.98
2012-06-25,29.915,30.015
2012-06-26,29.91,30.01
2012-06-27,29.87,29.97
2012-06-28,29.875,29.975
2012-06-29,29.83,29.93
2012-07-02,29.83,29.93
2012-07-03,29.81,29.91
2012-07-04,29.78,29.88
2012-07-05,29.81,29.91
2012-07-06,29.84,29.94
2012-07-09,29.89,29.99
2012-07-10,29.895,29.995
2012-07-11,29.885,29.985
2012-07-12,29.95,30.05
2012-07-13,29.945,30.045
2012-07-16,29.94,30.04
2012-07-17,29.92,30.02
2012-07-18,29.94,30.04
2012-07-19,29.92,30.02
2012-07-20,29.91,30.01
2012-07-23,29.99,30.09
2012-07-24,30.055,30.155
2012-07-25,30.125,30.225
2012-07-26,30.07,30.17
2012-07-27,30.015,30.115
2012-07-30,30.005,30.105
2012-07-31,29.94,30.04
2012-08-01,29.91,30.01
2012-08-02,29.91,30.01
2012-08-03,29.91,30.01
2012-08-06,29.89,29.99
2012-08-07,29.88,29.98
2012-08-08,29.91,30.01
2012-08-09,29.87,29.97
2012-08-10,29.905,30.005
2012-08-13,29.935,30.035
2012-08-14,29.9,30
2012-08-15,29.93,30.03
2012-08-16,29.945,30.045
2012-08-17,29.945,30.045
2012-08-20,29.95,30.05
2012-08-21,29.895,29.995
2012-08-22,29.935,30.035
2012-08-23,29.89,29.99
2012-08-24,29.92,30.02
2012-08-27,29.905,30.005
2012-08-28,29.91,30.01
2012-08-29,29.89,29.99
2012-08-30,29.89,29.99
2012-08-31,29.88,29.98
2012-09-03,29.835,29.935
2012-09-04,29.79,29.89
2012-09-05,29.81,29.91
2012-09-06,29.805,29.905
2012-09-07,29.75,29.85
2012-09-10,29.65,29.75
2012-09-11,29.625,29.725
2012-09-12,29.54,29.64
2012-09-13,29.57,29.67
2012-09-14,29.34,29.44
2012-09-17,29.24,29.34
2012-09-18,29.285,29.385
2012-09-19,29.29,29.39
2012-09-20,29.32,29.42
2012-09-21,29.29,29.39
2012-09-24,29.31,29.41
2012-09-25,29.27,29.37
2012-09-26,29.35,29.45
2012-09-27,29.31,29.41
2012-09-28,29.245,29.345
2012-10-01,29.27,29.37
2012-10-02,29.25,29.35
2012-10-03,29.27,29.37
2012-10-04,29.245,29.345
2012-10-05,29.23,29.33
2012-10-08,29.265,29.365
2012-10-09,29.255,29.355
2012-10-11,29.24,29.34
2012-10-12,29.18,29.28
2012-10-15,29.18,29.28
2012-10-16,29.17,29.27
2012-10-17,29.135,29.235
2012-10-18,29.17,29.27
2012-10-19,29.18,29.28
2012-10-22,29.205,29.305
2012-10-23,29.225,29.325
2012-10-24,29.235,29.335
2012-10-25,29.175,29.275
2012-10-26,29.2,29.3
2012-10-29,29.21,29.31
2012-10-30,29.2,29.3
2012-10-31,29.165,29.265
2012-11-01,29.19,29.29
2012-11-02,29.18,29.28
2012-11-05,29.185,29.285
2012-11-06,29.195,29.295
2012-11-07,29.11,29.21
2012-11-08,29.07,29.17
2012-11-09,29,29.1
2012-11-12,28.945,29.045
2012-11-13,28.985,29.085
2012-11-14,28.995,29.095
2012-11-15,29.03,29.13
2012-11-16,29.155,29.255
2012-11-19,29.115,29.215
2012-11-20,29.065,29.165
2012-11-21,29.08,29.18
2012-11-22,29.085,29.185
2012-11-23,29.07,29.17
2012-11-26,29.055,29.155
2012-11-27,29.05,29.15
2012-11-28,29.08,29.18
2012-11-29,29.06,29.16
2012-11-30,29.005,29.105
2012-12-03,29.025,29.125
2012-12-04,29.025,29.125
2012-12-05,29.005,29.105
2012-12-06,29.035,29.135
2012-12-07,29.01,29.11
2012-12-10,29.04,29.14
2012-12-11,29.02,29.12
2012-12-12,29.01,29.11
2012-12-13,29.005,29.105
2012-12-14,28.995,29.095
2012-12-17,29,29.1
2012-12-18,28.995,29.095
2012-12-19,28.995,29.095
2012-12-20,28.995,29.095
2012-12-21,29,29.1
2012-12-22,29,29.1
2012-12-24,29,29.1
2012-12-25,28.99,29.09
2012-12-26,29,29.1
2012-12-27,28.99,29.09
2012-12-28,28.99,29.09
2013-01-02,28.95,29.05
2013-01-03,28.945,29.045
2013-01-04,28.96,29.06
2013-01-07,28.955,29.055
2013-01-08,28.975,29.075
2013-01-09,28.955,29.055
2013-01-10,28.935,29.035
2013-01-11,28.9,29
2013-01-14,28.91,29.01
2013-01-15,28.905,29.005
2013-01-16,28.94,29.04
2013-01-17,28.92,29.02
2013-01-18,28.9,29
2013-01-21,28.915,29.015
2013-01-22,28.945,29.045
2013-01-23,28.94,29.04
2013-01-24,28.99,29.09
2013-01-25,29.1,29.2
2013-01-28,29.465,29.565
2013-01-29,29.5,29.6
2013-01-30,29.44,29.54
2013-01-31,29.485,29.585
2013-02-01,29.55,29.65
2013-02-04,29.5,29.6
2013-02-05,29.46,29.56
2013-02-06,29.48,29.58
2013-02-07,29.495,29.595
2013-02-08,29.68,29.78
2013-02-18,29.605,29.705
2013-02-19,29.545,29.645
2013-02-20,29.49,29.59
2013-02-21,29.585,29.685
2013-02-22,29.56,29.66
2013-02-23,29.56,29.66
2013-02-25,29.61,29.71
2013-02-26,29.64,29.74
2013-02-27,29.61,29.71
2013-03-01,29.57,29.67
2013-03-04,29.65,29.75
2013-03-05,29.62,29.72
2013-03-06,29.575,29.675
2013-03-07,29.59,29.69
2013-03-08,29.61,29.71
2013-03-11,29.635,29.735
2013-03-12,29.62,29.72
2013-03-13,29.63,29.73
2013-03-14,29.65,29.75
2013-03-15,29.655,29.755
2013-03-18,29.69,29.79
2013-03-19,29.7,29.8
2013-03-20,29.74,29.84
2013-03-21,29.75,29.85
2013-03-22,29.82,29.92
2013-03-25,29.805,29.905
2013-03-26,29.8,29.9
2013-03-27,29.85,29.95
2013-03-28,29.84,29.94
2013-03-29,29.775,29.875
2013-04-01,29.83,29.93
2013-04-02,29.82,29.92
2013-04-03,29.81,29.91
2013-04-08,29.965,30.065
2013-04-09,29.955,30.055
2013-04-10,29.91,30.01
2013-04-11,29.88,29.98
2013-04-12,29.9,30
2013-04-15,29.85,29.95
2013-04-16,29.85,29.95
2013-04-17,29.82,29.92
2013-04-18,29.83,29.93
2013-04-19,29.75,29.85
2013-04-22,29.77,29.87
2013-04-23,29.775,29.875
2013-04-24,29.735,29.835
2013-04-25,29.62,29.72
2013-04-26,29.605,29.705
2013-04-29,29.47,29.57
2013-04-30,29.49,29.59
2013-05-02,29.54,29.64
2013-05-03,29.485,29.585
2013-05-06,29.5,29.6
2013-05-07,29.47,29.57
2013-05-08,29.35,29.45
2013-05-09,29.365,29.465
2013-05-10,29.585,29.685
2013-05-13,29.765,29.865
2013-05-14,29.755,29.855
2013-05-15,29.83,29.93
2013-05-16,29.9,30
2013-05-17,29.9,30
2013-05-20,29.875,29.975
2013-05-21,29.78,29.88
2013-05-22,29.77,29.87
2013-05-23,29.86,29.96
2013-05-24,29.86,29.96
2013-05-27,29.815,29.915
2013-05-28,29.875,29.975
2013-05-29,29.92,30.02
2013-05-30,29.92,30.02
2013-05-31,29.88,29.98
2013-06-03,29.9,30
2013-06-04,29.855,29.955
2013-06-05,29.73,29.83
2013-06-06,29.75,29.85
2013-06-07,29.69,29.79
2013-06-10,29.815,29.915
2013-06-11,29.88,29.98
2013-06-13,29.86,29.96
2013-06-14,29.82,29.92
2013-06-17,29.83,29.93
2013-06-18,29.835,29.935
2013-06-19,29.795,29.895
2013-06-20,30,30.1
2013-06-21,30.08,30.18
2013-06-24,30.15,30.25
2013-06-25,30.06,30.16
2013-06-26,30.05,30.15
2013-06-27,29.97,30.07
2013-06-28,29.95,30.05
2013-07-01,29.95,30.05
2013-07-02,29.95,30.05
2013-07-03,30.015,30.115
2013-07-04,29.99,30.09
2013-07-05,29.99,30.09
2013-07-08,30.09,30.19
2013-07-09,30.07,30.17
2013-07-10,29.99,30.09
2013-07-11,29.9,30
2013-07-12,29.85,29.95
2013-07-15,29.87,29.97
2013-07-16,29.82,29.92
2013-07-17,29.83,29.93
2013-07-18,29.89,29.99
2013-07-19,29.88,29.98
2013-07-22,29.86,29.96
2013-07-23,29.86,29.96
2013-07-24,29.865,29.965
2013-07-25,29.88,29.98
2013-07-26,29.88,29.98
2013-07-29,29.875,29.975
2013-07-30,29.88,29.98
2013-07-31,29.93,30.03
2013-08-01,29.95,30.05
2013-08-02,29.95,30.05
2013-08-05,29.9,30
2013-08-06,29.9,30
2013-08-07,29.895,29.995
2013-08-08,29.88,29.98
2013-08-09,29.885,29.985
2013-08-12,29.9,30
2013-08-13,29.9,30
2013-08-14,29.915,30.015
2013-08-15,29.905,30.005
2013-08-16,29.89,29.99
2013-08-19,29.915,30.015
2013-08-20,29.92,30.02
2013-08-21,29.91,30.01
2013-08-22,29.93,30.03
2013-08-23,29.93,30.03
2013-08-26,29.92,30.02
2013-08-27,29.93,30.03
2013-08-28,29.93,30.03
2013-08-29,29.91,30.01
2013-08-30,29.875,29.975
2013-09-02,29.77,29.87
2013-09-03,29.78,29.88
2013-09-04,29.75,29.85
2013-09-05,29.75,29.85
2013-09-06,29.75,29.85
2013-09-09,29.7,29.8
2013-09-10,29.63,29.73
2013-09-11,29.67,29.77
2013-09-12,29.635,29.735
2013-09-13,29.66,29.76
2013-09-14,29.68,29.78
2013-09-16,29.58,29.68
2013-09-17,29.605,29.705
2013-09-18,29.63,29.73
2013-09-23,29.49,29.59
2013-09-24,29.495,29.595
2013-09-25,29.52,29.62
2013-09-26,29.52,29.62
2013-09-27,29.49,29.59
2013-09-30,29.52,29.62
2013-10-01,29.46,29.56
2013-10-02,29.455,29.555
2013-10-03,29.37,29.47
2013-10-04,29.305,29.405
2013-10-07,29.365,29.465
2013-10-08,29.37,29.47
2013-10-09,29.385,29.485
2013-10-11,29.33,29.43
2013-10-14,29.335,29.435
2013-10-15,29.315,29.415
2013-10-16,29.36,29.46
2013-10-17,29.35,29.45
2013-10-18,29.34,29.44
2013-10-21,29.35,29.45
2013-10-22,29.33,29.43
2013-10-23,29.335,29.435
2013-10-24,29.345,29.445
2013-10-25,29.335,29.435
2013-10-28,29.35,29.45
2013-10-29,29.36,29.46
2013-10-30,29.34,29.44
2013-10-31,29.345,29.445
2013-11-01,29.36,29.46
2013-11-04,29.37,29.47
2013-11-05,29.345,29.445
2013-11-06,29.365,29.465
2013-11-07,29.36,29.46
2013-11-08,29.365,29.465
2013-11-11,29.46,29.56
2013-11-12,29.51,29.61
2013-11-13,29.54,29.64
2013-11-14,29.515,29.615
2013-11-15,29.52,29.62
2013-11-18,29.47,29.57
2013-11-19,29.415,29.515
2013-11-20,29.46,29.56
2013-11-21,29.515,29.615
2013-11-22,29.52,29.62
2013-11-25,29.54,29.64
2013-11-26,29.545,29.645
2013-11-27,29.555,29.655
2013-11-28,29.55,29.65
2013-11-29,29.54,29.64
2013-12-02,29.51,29.61
2013-12-03,29.54,29.64
2013-12-04,29.53,29.63
2013-12-05,29.55,29.65
2013-12-06,29.53,29.63
2013-12-09,29.53,29.63
2013-12-10,29.52,29.62
2013-12-11,29.53,29.63
2013-12-12,29.55,29.65
2013-12-13,29.545,29.645
2013-12-16,29.58,29.68
2013-12-17,29.585,29.685
2013-12-18,29.63,29.73
2013-12-19,29.77,29.87
2013-12-20,29.87,29.97
2013-12-23,29.915,30.015
2013-12-24,29.94,30.04
2013-12-25,29.93,30.03
2013-12-26,29.95,30.05
2013-12-27,29.91,30.01
2013-12-30,29.85,29.95
2013-12-31,29.755,29.855
2014-01-02,29.865,29.965
2014-01-03,29.9,30
2014-01-06,29.95,30.05
2014-01-07,30.01,30.11
2014-01-08,30.05,30.15
2014-01-09,30.03,30.13
2014-01-10,30,30.1
2014-01-13,29.955,30.055
2014-01-14,29.99,30.09
2014-01-15,30.025,30.125
2014-01-16,30.04,30.14
2014-01-17,30.035,30.135
2014-01-20,30.05,30.15
2014-01-21,30.1,30.2
2014-01-22,30.1,30.2
2014-01-23,30.16,30.26
2014-01-24,30.155,30.255
2014-01-27,30.33,30.43
2014-01-28,30.29,30.39
2014-01-29,30.24,30.34
2014-02-05,30.27,30.37
2014-02-06,30.25,30.35
2014-02-07,30.25,30.35
2014-02-10,30.26,30.36
2014-02-11,30.265,30.365
2014-02-12,30.27,30.37
2014-02-13,30.27,30.37
2014-02-14,30.25,30.35
2014-02-17,30.19,30.29
2014-02-18,30.25,30.35
2014-02-19,30.22,30.32
2014-02-20,30.25,30.35
2014-02-21,30.26,30.36
2014-02-24,30.285,30.385
2014-02-25,30.29,30.39
2014-02-26,30.25,30.35
2014-02-27,30.25,30.35
2014-03-03,30.25,30.35
2014-03-04,30.24,30.34
2014-03-05,30.235,30.335
2014-03-06,30.225,30.325
2014-03-07,30.19,30.29
2014-03-10,30.24,30.34
2014-03-11,30.23,30.33
2014-03-12,30.275,30.375
2014-03-13,30.26,30.36
2014-03-14,30.275,30.375
2014-03-17,30.27,30.37
2014-03-18,30.275,30.375
2014-03-19,30.35,30.45
2014-03-20,30.485,30.585
2014-03-21,30.545,30.645
2014-03-24,30.51,30.61
2014-03-25,30.48,30.58
2014-03-26,30.485,30.585
2014-03-27,30.48,30.58
2014-03-28,30.445,30.545
2014-03-31,30.42,30.52
2014-04-01,30.31,30.41
2014-04-02,30.235,30.335
2014-04-03,30.235,30.335
2014-04-07,30.19,30.29
2014-04-08,30.15,30.25
2014-04-09,30.045,30.145
2014-04-10,29.93,30.03
2014-04-11,30.01,30.11
2014-04-14,30.135,30.235
2014-04-15,30.1,30.2
2014-04-16,30.115,30.215
2014-04-17,30.105,30.205
2014-04-18,30.13,30.23
2014-04-21,30.18,30.28
2014-04-22,30.22,30.32
2014-04-23,30.235,30.335
2014-04-24,30.21,30.31
2014-04-25,30.22,30.32
2014-04-28,30.205,30.305
2014-04-29,30.145,30.245
2014-04-30,30.145,30.245
2014-05-02,30.115,30.215
2014-05-05,30.045,30.145
2014-05-06,30.09,30.19
2014-05-07,30.055,30.155
2014-05-08,30.065,30.165
2014-05-09,30.06,30.16
2014-05-12,30.1,30.2
2014-05-13,30.115,30.215
2014-05-14,30.095,30.195
2014-05-15,30.12,30.22
2014-05-16,30.115,30.215
2014-05-19,30.09,30.19
2014-05-20,30.09,30.19
2014-05-21,30.1,30.2
2014-05-22,30.075,30.175
2014-05-23,30.06,30.16
2014-05-26,30.05,30.15
2014-05-27,30.075,30.175
2014-05-28,30.05,30.15
2014-05-29,29.99,30.09
2014-05-30,29.94,30.04
2014-06-03,29.955,30.055
2014-06-04,29.995,30.095
2014-06-05,29.98,30.08
2014-06-06,29.975,30.075
2014-06-09,29.95,30.05
2014-06-10,29.945,30.045
2014-06-11,29.945,30.045
2014-06-12,29.945,30.045
2014-06-13,29.945,30.045
2014-06-16,29.955,30.055
2014-06-17,29.95,30.05
2014-06-18,29.955,30.055
2014-06-19,29.94,30.04
2014-06-20,29.945,30.045
2014-06-23,29.94,30.04
2014-06-24,29.925,30.025
2014-06-25,29.925,30.025
2014-06-26,29.9,30
2014-06-27,29.865,29.965
2014-06-30,29.815,29.915
2014-07-01,29.83,29.93
2014-07-02,29.8,29.9
2014-07-03,29.83,29.93
2014-07-04,29.825,29.925
2014-07-07,29.865,29.965
2014-07-08,29.855,29.955
2014-07-09,29.85,29.95
2014-07-10,29.85,29.95
2014-07-11,29.885,29.985
2014-07-14,29.89,29.99
2014-07-15,29.935,30.035
2014-07-16,29.94,30.04
2014-07-17,29.935,30.035
2014-07-18,29.92,30.02
2014-07-21,29.93,30.03
2014-07-22,29.93,30.03
2014-07-24,29.93,30.03
2014-07-25,29.92,30.02
2014-07-28,29.91,30.01
2014-07-29,29.885,29.985
2014-07-30,29.905,30.005
2014-07-31,29.93,30.03
2014-08-01,29.95,30.05
2014-08-04,29.935,30.035
2014-08-05,29.93,30.03
2014-08-06,29.945,30.045
2014-08-07,29.955,30.055
2014-08-08,29.95,30.05
2014-08-11,29.95,30.05
2014-08-12,29.95,30.05
2014-08-13,29.95,30.05
2014-08-14,29.95,30.05
2014-08-15,29.91,30.01
2014-08-18,29.935,30.035
2014-08-19,29.93,30.03
2014-08-20,29.925,30.025
2014-08-21,29.935,30.035
2014-08-22,29.915,30.015
2014-08-25,29.93,30.03
2014-08-26,29.92,30.02
2014-08-27,29.865,29.965
2014-08-28,29.845,29.945
2014-08-29,29.85,29.95
2014-09-01,29.81,29.91
2014-09-02,29.865,29.965
2014-09-03,29.86,29.96
2014-09-04,29.855,29.955
2014-09-05,29.875,29.975
2014-09-09,29.9,30
2014-09-10,29.925,30.025
2014-09-11,29.93,30.03
2014-09-12,29.95,30.05
2014-09-15,30,30.1
2014-09-16,30.1,30.2
2014-09-17,30.07,30.17
2014-09-18,30.185,30.285
2014-09-19,30.16,30.26
2014-09-22,30.16,30.26
2014-09-23,30.175,30.275
2014-09-24,30.18,30.28
2014-09-25,30.235,30.335
2014-09-26,30.225,30.325
2014-09-29,30.425,30.525
2014-09-30,30.37,30.47
2014-10-01,30.385,30.485
2014-10-02,30.365,30.465
2014-10-03,30.345,30.445
2014-10-06,30.4,30.5
2014-10-07,30.38,30.48
2014-10-08,30.37,30.47
2014-10-09,30.305,30.405
2014-10-13,30.35,30.45
2014-10-14,30.36,30.46
2014-10-15,30.335,30.435
2014-10-16,30.345,30.445
2014-10-17,30.335,30.435
2014-10-20,30.35,30.45
2014-10-21,30.34,30.44
2014-10-22,30.335,30.435
2014-10-23,30.345,30.445
2014-10-24,30.34,30.44
2014-10-27,30.345,30.445
2014-10-28,30.33,30.43
2014-10-29,30.315,30.415
2014-10-30,30.33,30.43
2014-10-31,30.385,30.485
2014-11-03,30.42,30.52
2014-11-04,30.45,30.55
2014-11-05,30.465,30.565
2014-11-06,30.505,30.605
2014-11-07,30.57,30.67
2014-11-10,30.5,30.6
2014-11-11,30.52,30.62
2014-11-12,30.555,30.655
2014-11-13,30.575,30.675
2014-11-14,30.6,30.7
2014-11-17,30.63,30.73
2014-11-18,30.66,30.76
2014-11-19,30.77,30.87
2014-11-20,30.9,31
2014-11-21,30.89,30.99
2014-11-24,30.86,30.96
2014-11-25,30.85,30.95
2014-11-26,30.85,30.95
2014-11-27,30.815,30.915
2014-11-28,30.9,31
2014-12-01,30.99,31.09
2014-12-02,31,31.1
2014-12-03,31.05,31.15
2014-12-04,31.055,31.155
2014-12-05,31.075,31.175
2014-12-08,31.155,31.255
2014-12-09,31.16,31.26
2014-12-10,31.145,31.245
2014-12-11,31.15,31.25
2014-12-12,31.25,31.35
2014-12-15,31.27,31.37
2014-12-16,31.245,31.345
2014-12-17,31.27,31.37
2014-12-18,31.38,31.48
2014-12-19,31.405,31.505
2014-12-22,31.53,31.63
2014-12-23,31.705,31.805
2014-12-24,31.735,31.835
2014-12-25,31.665,31.765
2014-12-26,31.68,31.78
2014-12-27,31.675,31.775
2014-12-29,31.7,31.8
2014-12-30,31.66,31.76
2014-12-31,31.6,31.7
2015-01-05,31.9,32
2015-01-06,31.93,32.03
2015-01-07,31.93,32.03
2015-01-08,31.945,32.045
2015-01-09,31.86,31.96
2015-01-12,31.795,31.895
2015-01-13,31.77,31.87
2015-01-14,31.745,31.845
2015-01-15,31.66,31.76
2015-01-16,31.51,31.61
2015-01-19,31.435,31.535
2015-01-20,31.615,31.715
2015-01-21,31.45,31.55
2015-01-22,31.385,31.485
2015-01-23,31.25,31.35
2015-01-26,31.235,31.335
2015-01-27,31.23,31.33
2015-01-28,31.16,31.26
2015-01-29,31.35,31.45
2015-01-30,31.45,31.55
2015-02-02,31.55,31.65
2015-02-03,31.53,31.63
2015-02-04,31.335,31.435
2015-02-05,31.425,31.525
2015-02-06,31.355,31.455
2015-02-09,31.45,31.55
2015-02-10,31.425,31.525
2015-02-11,31.455,31.555
2015-02-12,31.455,31.555
2015-02-13,31.37,31.47
2015-02-16,31.41,31.51
2015-02-17,31.485,31.585
2015-02-24,31.545,31.645
2015-02-25,31.385,31.485
2015-02-26,31.355,31.455
2015-03-02,31.37,31.47
2015-03-03,31.34,31.44
2015-03-04,31.36,31.46
2015-03-05,31.43,31.53
2015-03-06,31.39,31.49
2015-03-09,31.43,31.53
2015-03-10,31.485,31.585
2015-03-11,31.6,31.7
2015-03-12,31.535,31.635
2015-03-13,31.59,31.69
2015-03-16,31.605,31.705
2015-03-17,31.535,31.635
2015-03-18,31.5,31.6
2015-03-19,31.4,31.5
2015-03-20,31.415,31.515
2015-03-23,31.4,31.5
2015-03-24,31.29,31.39
2015-03-25,31.25,31.35
2015-03-26,31.235,31.335
2015-03-27,31.23,31.33
2015-03-30,31.235,31.335
2015-03-31,31.25,31.35
2015-04-01,31.25,31.35
2015-04-02,31.165,31.265
2015-04-07,30.985,31.085
2015-04-08,31.035,31.135
2015-04-09,31.08,31.18
2015-04-10,31.16,31.26
2015-04-13,31.23,31.33
2015-04-14,31.2,31.3
2015-04-15,31.185,31.285
2015-04-16,31.13,31.23
2015-04-17,31.03,31.13
2015-04-20,30.975,31.075
2015-04-21,31.06,31.16
2015-04-22,31.01,31.11
2015-04-23,31.01,31.11
2015-04-24,30.79,30.89
2015-04-27,30.545,30.645
2015-04-28,30.5,30.6
2015-04-29,30.425,30.525
2015-04-30,30.57,30.67
2015-05-04,30.64,30.74
2015-05-05,30.625,30.725
2015-05-06,30.565,30.665
2015-05-07,30.64,30.74
2015-05-08,30.64,30.74
2015-05-11,30.65,30.75
2015-05-12,30.67,30.77
2015-05-13,30.63,30.73
2015-05-14,30.5,30.6
2015-05-15,30.405,30.505
2015-05-18,30.405,30.505
2015-05-19,30.41,30.51
2015-05-20,30.455,30.555
2015-05-21,30.405,30.505
2015-05-22,30.385,30.485
2015-05-25,30.445,30.545
2015-05-26,30.565,30.665
2015-05-27,30.57,30.67
2015-05-28,30.565,30.665
2015-05-29,30.64,30.74
2015-06-01,30.695,30.795
2015-06-02,30.84,30.94
2015-06-03,30.75,30.85
2015-06-04,30.81,30.91
2015-06-05,30.795,30.895
2015-06-08,31.04,31.14
2015-06-09,31.06,31.16
2015-06-10,30.86,30.96
2015-06-11,30.87,30.97
2015-06-12,30.875,30.975
2015-06-15,30.905,31.005
2015-06-16,30.875,30.975
2015-06-17,30.87,30.97
2015-06-18,30.77,30.87
2015-06-22,30.735,30.835
2015-06-23,30.78,30.88
2015-06-24,30.84,30.94
2015-06-25,30.86,30.96
2015-06-26,30.85,30.95
2015-06-29,30.92,31.02
2015-06-30,30.81,30.91
2015-07-01,30.86,30.96
2015-07-02,30.86,30.96
2015-07-03,30.85,30.95
2015-07-06,30.9,31
2015-07-07,30.92,31.02
2015-07-08,31,31.1
2015-07-09,30.945,31.045
2015-07-10,30.93,31.03
2015-07-13,30.92,31.02
2015-07-14,30.97,31.07
2015-07-15,30.97,31.07
2015-07-16,31.04,31.14
2015-07-17,31.03,31.13
2015-07-20,31.09,31.19
2015-07-21,31.15,31.25
2015-07-22,31.14,31.24
2015-07-23,31.17,31.27
2015-07-24,31.34,31.44
2015-07-27,31.42,31.52
2015-07-28,31.43,31.53
2015-07-29,31.4,31.5
2015-07-30,31.41,31.51
2015-07-31,31.53,31.63
2015-08-03,31.54,31.64
2015-08-04,31.535,31.635
2015-08-05,31.57,31.67
2015-08-06,31.6,31.7
2015-08-07,31.6,31.7
2015-08-10,31.6,31.7
2015-08-11,31.8,31.9
2015-08-12,32.13,32.23
2015-08-13,32.05,32.15
2015-08-14,32.04,32.14
2015-08-17,32.275,32.375
2015-08-18,32.4,32.5
2015-08-19,32.39,32.49
2015-08-20,32.45,32.55
2015-08-21,32.57,32.67
2015-08-24,32.81,32.91
2015-08-25,32.59,32.69
2015-08-26,32.445,32.545
2015-08-27,32.25,32.35
2015-08-28,32.21,32.31
2015-08-31,32.45,32.55
2015-09-01,32.34,32.44
2015-09-02,32.415,32.515
2015-09-03,32.445,32.545
2015-09-04,32.5,32.6
2015-09-07,32.635,32.735
2015-09-08,32.63,32.73
2015-09-09,32.5,32.6
2015-09-10,32.44,32.54
2015-09-11,32.485,32.585
2015-09-14,32.465,32.565
2015-09-15,32.5,32.6
2015-09-16,32.47,32.57
2015-09-17,32.35,32.45
2015-09-18,32.3,32.4
2015-09-21,32.495,32.595
2015-09-22,32.555,32.655
2015-09-23,32.765,32.865
2015-09-24,32.845,32.945
2015-09-25,32.95,33.05
2015-09-29,32.95,33.05
2015-09-30,32.82,32.92
2015-10-01,32.71,32.81
2015-10-02,32.845,32.945
2015-10-05,32.695,32.795
2015-10-06,32.675,32.775
2015-10-07,32.535,32.635
2015-10-08,32.53,32.63
2015-10-12,32.29,32.39
2015-10-13,32.43,32.53
2015-10-14,32.435,32.535
2015-10-15,32.185,32.285
2015-10-16,32.265,32.365
2015-10-19,32.245,32.345
2015-10-20,32.31,32.41
2015-10-21,32.35,32.45
2015-10-22,32.38,32.48
2015-10-23,32.29,32.39
2015-10-26,32.36,32.46
2015-10-27,32.375,32.475
2015-10-28,32.385,32.485
2015-10-29,32.47,32.57
2015-10-30,32.39,32.49
2015-11-02,32.385,32.485
2015-11-03,32.37,32.47
2015-11-04,32.29,32.39
2015-11-05,32.36,32.46
2015-11-06,32.425,32.525
2015-11-09,32.61,32.71
2015-11-10,32.65,32.75
2015-11-11,32.635,32.735
2015-11-12,32.64,32.74
2015-11-13,32.65,32.75
2015-11-16,32.735,32.835
2015-11-17,32.73,32.83
2015-11-18,32.75,32.85
2015-11-19,32.605,32.705
2015-11-20,32.505,32.605
2015-11-23,32.56,32.66
2015-11-24,32.52,32.62
2015-11-25,32.445,32.545
2015-11-26,32.49,32.59
2015-11-27,32.56,32.66
2015-11-30,32.54,32.64
2015-12-01,32.645,32.745
2015-12-02,32.63,32.73
2015-12-03,32.705,32.805
2015-12-04,32.63,32.73
2015-12-07,32.665,32.765
2015-12-08,32.75,32.85
2015-12-09,32.765,32.865
2015-12-10,32.76,32.86
2015-12-11,32.75,32.85
2015-12-14,32.815,32.915
2015-12-15,32.735,32.835
2015-12-16,32.74,32.84
2015-12-17,32.755,32.855
2015-12-18,32.84,32.94
2015-12-21,32.795,32.895
2015-12-22,32.765,32.865
2015-12-23,32.76,32.86
2015-12-24,32.735,32.835
2015-12-25,32.685,32.785
2015-12-28,32.75,32.85
2015-12-29,32.74,32.84
2015-12-30,32.81,32.91
2015-12-31,32.775,32.875
2016-01-04,32.96,33.06
2016-01-05,33,33.1
2016-01-06,33.17,33.27
2016-01-07,33.275,33.375
2016-01-08,33.275,33.375
2016-01-11,33.34,33.44
2016-01-12,33.375,33.475
2016-01-13,33.355,33.455
2016-01-14,33.435,33.535
2016-01-15,33.495,33.595
2016-01-18,33.56,33.66
2016-01-19,33.575,33.675
2016-01-20,33.635,33.735
2016-01-21,33.715,33.815
2016-01-22,33.55,33.65
2016-01-25,33.475,33.575
2016-01-26,33.565,33.665
2016-01-27,33.54,33.64
2016-01-28,33.54,33.64
2016-01-29,33.31,33.41
2016-01-30,33.4,33.5
2016-02-01,33.35,33.45
2016-02-02,33.32,33.42
2016-02-03,33.51,33.61
2016-02-04,33.33,33.43
2016-02-05,33.25,33.35
2016-02-15,32.965,33.065
2016-02-16,33.13,33.23
2016-02-17,33.22,33.32
2016-02-18,33.19,33.29
2016-02-19,33.21,33.31
2016-02-22,33.165,33.265
2016-02-23,33.205,33.305
2016-02-24,33.17,33.27
2016-02-25,33.225,33.325
2016-02-26,33.19,33.29
2016-03-01,33.11,33.21
2016-03-02,33.06,33.16
2016-03-03,32.93,33.03
2016-03-04,32.8,32.9
2016-03-07,32.68,32.78
2016-03-08,32.745,32.845
2016-03-09,32.87,32.97
2016-03-10,32.88,32.98
2016-03-11,32.77,32.87
2016-03-14,32.71,32.81
2016-03-15,32.75,32.85
2016-03-16,32.76,32.86
2016-03-17,32.55,32.65
2016-03-18,32.345,32.445
2016-03-21,32.365,32.465
2016-03-22,32.355,32.455
2016-03-23,32.455,32.555
2016-03-24,32.56,32.66
2016-03-25,32.57,32.67
2016-03-28,32.605,32.705
2016-03-29,32.55,32.65
2016-03-30,32.215,32.315
2016-03-31,32.135,32.235
2016-04-01,32.2,32.3
2016-04-06,32.37,32.47
2016-04-07,32.335,32.435
2016-04-08,32.38,32.48
2016-04-11,32.335,32.435
2016-04-12,32.325,32.425
2016-04-13,32.265,32.365
2016-04-14,32.35,32.45
2016-04-15,32.27,32.37
2016-04-18,32.34,32.44
2016-04-19,32.21,32.31
2016-04-20,32.19,32.29
2016-04-21,32.235,32.335
2016-04-22,32.26,32.36
2016-04-25,32.29,32.39
2016-04-26,32.285,32.385
2016-04-27,32.285,32.385
2016-04-28,32.225,32.325
2016-04-29,32.21,32.31
2016-05-03,32.125,32.225
2016-05-04,32.285,32.385
2016-05-05,32.325,32.425
2016-05-06,32.35,32.45
2016-05-09,32.36,32.46
2016-05-10,32.48,32.58
2016-05-11,32.47,32.57
2016-05-12,32.485,32.585
2016-05-13,32.56,32.66
2016-05-16,32.64,32.74
2016-05-17,32.555,32.655
2016-05-18,32.635,32.735
2016-05-19,32.72,32.82
2016-05-20,32.69,32.79
2016-05-23,32.605,32.705
2016-05-24,32.64,32.74
2016-05-25,32.59,32.69
2016-05-26,32.52,32.62
2016-05-27,32.47,32.57
2016-05-30,32.575,32.675
2016-05-31,32.565,32.665
2016-06-01,32.56,32.66
2016-06-02,32.54,32.64
2016-06-03,32.55,32.65
2016-06-04,32.43,32.53
2016-06-06,32.34,32.44
2016-06-07,32.275,32.375
2016-06-08,32.17,32.27
2016-06-13,32.36,32.46
2016-06-14,32.36,32.46
2016-06-15,32.38,32.48
2016-06-16,32.33,32.43
2016-06-17,32.32,32.42
2016-06-20,32.205,32.305
2016-06-21,32.205,32.305
2016-06-22,32.17,32.27
2016-06-23,32.13,32.23
2016-06-24,32.37,32.47
2016-06-27,32.46,32.56
2016-06-28,32.36,32.46
2016-06-29,32.285,32.385
2016-06-30,32.225,32.325
2016-07-01,32.16,32.26
2016-07-04,32.15,32.25
2016-07-05,32.215,32.315
2016-07-06,32.33,32.43
2016-07-07,32.245,32.345
2016-07-11,32.155,32.255
2016-07-12,32.16,32.26
2016-07-13,32.135,32.235
2016-07-14,32.02,32.12
2016-07-15,31.9,32
2016-07-18,31.95,32.05
2016-07-19,31.94,32.04
2016-07-20,31.99,32.09
2016-07-21,32,32.1
2016-07-22,32.01,32.11
2016-07-25,32.085,32.185
2016-07-26,32.05,32.15
2016-07-27,32.01,32.11
2016-07-28,31.9,32
2016-07-29,31.87,31.97
2016-08-01,31.575,31.675
2016-08-02,31.63,31.73
2016-08-03,31.69,31.79
2016-08-04,31.645,31.745
2016-08-05,31.495,31.595
2016-08-08,31.46,31.56
2016-08-09,31.39,31.49
2016-08-10,31.135,31.235
2016-08-11,31.26,31.36
2016-08-12,31.345,31.445
2016-08-15,31.285,31.385
2016-08-16,31.225,31.325
2016-08-17,31.36,31.46
2016-08-18,31.35,31.45
2016-08-19,31.56,31.66
2016-08-22,31.745,31.845
2016-08-23,31.65,31.75
2016-08-24,31.7,31.8
2016-08-25,31.61,31.71
2016-08-26,31.615,31.715
2016-08-29,31.735,31.835
2016-08-30,31.66,31.76
2016-08-31,31.675,31.775
2016-09-01,31.68,31.78
2016-09-02,31.645,31.745
2016-09-05,31.44,31.54
2016-09-06,31.365,31.465
2016-09-07,31.18,31.28
2016-09-08,31.235,31.335
2016-09-09,31.45,31.55
2016-09-10,31.5,31.6
2016-09-12,31.65,31.75
2016-09-13,31.645,31.745
2016-09-14,31.625,31.725
2016-09-19,31.38,31.48
2016-09-20,31.315,31.415
2016-09-21,31.375,31.475
2016-09-22,31.35,31.45
2016-09-23,31.27,31.37
2016-09-26,31.37,31.47
2016-09-27,31.37,31.47
2016-09-29,31.305,31.405
2016-09-30,31.31,31.41
2016-10-03,31.27,31.37
2016-10-04,31.29,31.39
2016-10-05,31.305,31.405
2016-10-06,31.35,31.45
2016-10-07,31.42,31.52
2016-10-11,31.555,31.655
2016-10-12,31.57,31.67
2016-10-13,31.69,31.79
2016-10-14,31.61,31.71
2016-10-17,31.715,31.815
2016-10-18,31.6,31.7
2016-10-19,31.465,31.565
2016-10-20,31.475,31.575
2016-10-21,31.565,31.665
2016-10-24,31.625,31.725
2016-10-25,31.55,31.65
2016-10-26,31.505,31.605
2016-10-27,31.575,31.675
2016-10-28,31.565,31.665
2016-10-31,31.51,31.61
2016-11-01,31.505,31.605
2016-11-02,31.5,31.6
2016-11-03,31.415,31.515
2016-11-04,31.41,31.51
2016-11-07,31.465,31.565
2016-11-08,31.445,31.545
2016-11-09,31.38,31.48
2016-11-10,31.535,31.635
2016-11-11,31.74,31.84
2016-11-14,31.89,31.99
2016-11-15,31.79,31.89
2016-11-16,31.795,31.895
2016-11-17,31.79,31.89
2016-11-18,31.94,32.04
2016-11-21,31.935,32.035
2016-11-22,31.86,31.96
2016-11-23,31.82,31.92
2016-11-24,31.875,31.975
2016-11-25,31.885,31.985
2016-11-28,31.75,31.85
2016-11-29,31.765,31.865
2016-11-30,31.82,31.92
2016-12-01,31.83,31.93
2016-12-02,31.855,31.955
2016-12-05,31.93,32.03
2016-12-06,31.88,31.98
2016-12-07,31.835,31.935
2016-12-08,31.7,31.8
2016-12-09,31.77,31.87
2016-12-12,31.805,31.905
2016-12-13,31.765,31.865
2016-12-14,31.73,31.83
2016-12-15,31.86,31.96
2016-12-16,31.89,31.99
2016-12-19,31.9,32
2016-12-20,31.95,32.05
2016-12-21,31.955,32.055
2016-12-22,31.965,32.065
2016-12-23,32.1,32.2
2016-12-26,32.13,32.23
2016-12-27,32.22,32.32
2016-12-28,32.245,32.345
2016-12-29,32.23,32.33
2016-12-30,32.2,32.3
2017-01-03,32.18,32.28
2017-01-04,32.185,32.285
2017-01-05,31.865,31.965
2017-01-06,31.935,32.035
2017-01-09,32.05,32.15
2017-01-10,31.895,31.995
2017-01-11,31.865,31.965
2017-01-12,31.68,31.78
2017-01-13,31.545,31.645
2017-01-16,31.65,31.75
2017-01-17,31.545,31.645
2017-01-18,31.54,31.64
2017-01-19,31.555,31.655
2017-01-20,31.48,31.58
2017-01-23,31.38,31.48
2017-01-24,31.32,31.42
2017-01-25,31.265,31.365
2017-01-26,31.295,31.395
2017-02-02,31.03,31.13
2017-02-03,30.99,31.09
2017-02-06,30.885,30.985
2017-02-07,30.995,31.095
2017-02-08,31.07,31.17
2017-02-09,30.995,31.095
2017-02-10,30.995,31.095
2017-02-13,30.965,31.065
2017-02-14,30.82,30.92
2017-02-15,30.71,30.81
2017-02-16,30.745,30.845
2017-02-17,30.725,30.825
2017-02-18,30.755,30.855
2017-02-20,30.75,30.85
2017-02-21,30.74,30.84
2017-02-22,30.73,30.83
2017-02-23,30.69,30.79
2017-02-24,30.6,30.7
2017-03-01,30.72,30.82
2017-03-02,30.745,30.845
2017-03-03,30.975,31.075
2017-03-06,30.93,31.03
2017-03-07,30.8,30.9
2017-03-08,30.825,30.925
2017-03-09,30.965,31.065
2017-03-10,30.99,31.09
2017-03-13,30.9,31
2017-03-14,30.915,31.015
2017-03-15,30.79,30.89
2017-03-16,30.645,30.745
2017-03-17,30.58,30.68
2017-03-20,30.485,30.585
2017-03-21,30.405,30.505
2017-03-22,30.445,30.545
2017-03-23,30.425,30.525
2017-03-24,30.435,30.535
2017-03-27,30.2,30.3
2017-03-28,30.115,30.215
2017-03-29,30.22,30.32
2017-03-30,30.255,30.355
2017-03-31,30.28,30.38
2017-04-05,30.335,30.435
2017-04-06,30.505,30.605
2017-04-07,30.55,30.65
2017-04-10,30.59,30.69
2017-04-11,30.59,30.69
2017-04-12,30.49,30.59
2017-04-13,30.27,30.37
2017-04-14,30.33,30.43
2017-04-17,30.29,30.39
2017-04-18,30.35,30.45
2017-04-19,30.36,30.46
2017-04-20,30.355,30.455
2017-04-21,30.3,30.4
2017-04-24,30.22,30.32
2017-04-25,30.09,30.19
2017-04-26,30.06,30.16
2017-04-27,30.105,30.205
2017-04-28,30.145,30.245
2017-05-02,30.01,30.11
2017-05-03,30,30.1
2017-05-04,30.075,30.175
2017-05-05,30.13,30.23
2017-05-08,30.115,30.215
2017-05-09,30.19,30.29
2017-05-10,30.205,30.305
2017-05-11,30.15,30.25
2017-05-12,30.13,30.23
2017-05-15,30.095,30.195
2017-05-16,30.065,30.165
2017-05-17,30.085,30.185
2017-05-18,30.15,30.25
2017-05-19,30.135,30.235
2017-05-22,29.99,30.09
2017-05-23,30.07,30.17
2017-05-24,30.1,30.2
2017-05-25,30.015,30.115
2017-05-26,30.04,30.14
2017-05-31,30.04,30.14
2017-06-01,30.04,30.14
2017-06-02,30.045,30.145
2017-06-03,30.035,30.135
2017-06-05,30.03,30.13
2017-06-06,30.035,30.135
2017-06-07,30.03,30.13
2017-06-08,30.05,30.15
2017-06-09,30.035,30.135
2017-06-12,30.11,30.21
2017-06-13,30.16,30.26
2017-06-14,30.145,30.245
2017-06-15,30.19,30.29
2017-06-16,30.29,30.39
2017-06-19,30.31,30.41
2017-06-20,30.34,30.44
2017-06-21,30.38,30.48
2017-06-22,30.39,30.49
2017-06-23,30.325,30.425
2017-06-26,30.275,30.375
2017-06-27,30.28,30.38
2017-06-28,30.375,30.475
2017-06-29,30.32,30.42
2017-06-30,30.37,30.47
2017-07-03,30.37,30.47
2017-07-04,30.45,30.55
2017-07-05,30.445,30.545
2017-07-06,30.525,30.625
2017-07-07,30.535,30.635
2017-07-10,30.535,30.635
2017-07-11,30.525,30.625
2017-07-12,30.43,30.53
2017-07-13,30.31,30.41
2017-07-14,30.35,30.45
2017-07-17,30.365,30.465
2017-07-18,30.31,30.41
2017-07-19,30.335,30.435
2017-07-20,30.4,30.5
2017-07-21,30.39,30.49
2017-07-24,30.29,30.39
2017-07-25,30.285,30.385
2017-07-26,30.33,30.43
2017-07-27,30.18,30.28
2017-07-28,30.215,30.315
2017-07-31,30.145,30.245
2017-08-01,30.18,30.28
2017-08-02,30.17,30.27
2017-08-03,30.15,30.25
2017-08-04,30.135,30.235
2017-08-07,30.175,30.275
2017-08-08,30.14,30.24
2017-08-09,30.165,30.265
2017-08-10,30.25,30.35
2017-08-11,30.285,30.385
2017-08-14,30.25,30.35
2017-08-15,30.235,30.335
2017-08-16,30.3,30.4
2017-08-17,30.255,30.355
2017-08-18,30.27,30.37
2017-08-21,30.27,30.37
2017-08-22,30.24,30.34
2017-08-23,30.235,30.335
2017-08-24,30.21,30.31
2017-08-25,30.18,30.28
2017-08-28,30.11,30.21
2017-08-29,30.145,30.245
2017-08-30,30.1,30.2
2017-08-31,30.13,30.23
2017-09-01,30.065,30.165
2017-09-04,30.04,30.14
2017-09-05,30.01,30.11
2017-09-06,30.045,30.145
2017-09-07,29.99,30.09
2017-09-08,29.94,30.04
2017-09-11,29.965,30.065
2017-09-12,29.975,30.075
2017-09-13,30,30.1
2017-09-14,30.05,30.15
2017-09-15,30.01,30.11
2017-09-18,30.05,30.15
2017-09-19,30.075,30.175
2017-09-20,30.065,30.165
2017-09-21,30.15,30.25
2017-09-22,30.12,30.22
2017-09-25,30.115,30.215
2017-09-26,30.155,30.255
2017-09-27,30.235,30.335
2017-09-28,30.325,30.425
2017-09-29,30.265,30.365
2017-09-30,30.21,30.31
2017-10-02,30.36,30.46
2017-10-03,30.385,30.485
2017-10-05,30.27,30.37
2017-10-06,30.32,30.42
2017-10-11,30.165,30.265
2017-10-12,30.155,30.255
2017-10-13,30.12,30.22
2017-10-16,30.105,30.205
2017-10-17,30.14,30.24
2017-10-18,30.15,30.25
2017-10-19,30.175,30.275
2017-10-20,30.185,30.285
2017-10-23,30.205,30.305
2017-10-24,30.215,30.315
2017-10-25,30.21,30.31
2017-10-26,30.175,30.275
2017-10-27,30.22,30.32
2017-10-30,30.15,30.25
2017-10-31,30.12,30.22
2017-11-01,30.12,30.22
2017-11-02,30.13,30.23
2017-11-03,30.115,30.215
2017-11-06,30.15,30.25
2017-11-07,30.115,30.215
2017-11-08,30.135,30.235
2017-11-09,30.13,30.23
2017-11-10,30.12,30.22
2017-11-13,30.135,30.235
2017-11-14,30.12,30.22
2017-11-15,30.1,30.2
2017-11-16,30.105,30.205
2017-11-17,30.045,30.145
2017-11-20,30.04,30.14
2017-11-21,30,30.1
2017-11-22,29.96,30.06
2017-11-23,29.95,30.05
2017-11-24,29.94,30.04
2017-11-27,29.945,30.045
2017-11-28,29.945,30.045
2017-11-29,29.93,30.03
2017-11-30,29.945,30.045
2017-12-01,29.965,30.065
2017-12-04,29.98,30.08
2017-12-05,29.935,30.035
2017-12-06,29.955,30.055
2017-12-07,29.97,30.07
2017-12-08,29.96,30.06
2017-12-11,29.97,30.07
2017-12-12,29.965,30.065
2017-12-13,29.975,30.075
2017-12-14,29.95,30.05
2017-12-15,29.93,30.03
2017-12-18,29.955,30.055
2017-12-19,29.935,30.035
2017-12-20,29.945,30.045
2017-12-21,29.93,30.03
2017-12-22,29.91,30.01
2017-12-25,29.91,30.01
2017-12-26,29.895,29.995
2017-12-27,29.88,29.98
2017-12-28,29.72,29.82
2017-12-29,29.71,29.81
2018-01-02,29.565,29.665
2018-01-03,29.525,29.625
2018-01-04,29.53,29.63
2018-01-05,29.45,29.55
2018-01-08,29.45,29.55
2018-01-09,29.485,29.585
2018-01-10,29.545,29.645
2018-01-11,29.55,29.65
2018-01-12,29.545,29.645
2018-01-15,29.485,29.585
2018-01-16,29.495,29.595
2018-01-17,29.5,29.6
2018-01-18,29.5,29.6
2018-01-19,29.36,29.46
2018-01-22,29.29,29.39
2018-01-23,29.21,29.31
2018-01-24,29.16,29.26
2018-01-25,28.995,29.095
2018-01-26,29.035,29.135
2018-01-29,29.095,29.195
2018-01-30,29.17,29.27
2018-01-31,29.08,29.18
2018-02-01,29.145,29.245
2018-02-02,29.165,29.265
2018-02-05,29.245,29.345
2018-02-06,29.3,29.4
2018-02-07,29.2,29.3
2018-02-08,29.305,29.405
2018-02-09,29.325,29.425
2018-02-12,29.335,29.435
2018-02-13,29.29,29.39
2018-02-14,29.265,29.365
2018-02-21,29.14,29.24
2018-02-22,29.22,29.32
2018-02-23,29.245,29.345
2018-02-26,29.175,29.275
2018-02-27,29.145,29.245
2018-03-01,29.25,29.35
2018-03-02,29.225,29.325
2018-03-05,29.23,29.33
2018-03-06,29.225,29.325
2018-03-07,29.2,29.3
2018-03-08,29.21,29.31
2018-03-09,29.24,29.34
2018-03-12,29.225,29.325
2018-03-13,29.2,29.3
2018-03-14,29.2,29.3
2018-03-15,29.135,29.235
2018-03-16,29.11,29.21
2018-03-19,29.14,29.24
2018-03-20,29.11,29.21
2018-03-21,29.125,29.225
2018-03-22,29.095,29.195
2018-03-23,29.11,29.21
2018-03-26,29.095,29.195
2018-03-27,29.085,29.185
2018-03-28,29.105,29.205
2018-03-29,29.1,29.2
2018-03-30,29.055,29.155
2018-03-31,29.055,29.155
2018-04-02,29.085,29.185
2018-04-03,29.09,29.19
2018-04-09,29.145,29.245
2018-04-10,29.135,29.235
2018-04-11,29.145,29.245
2018-04-12,29.205,29.305
2018-04-13,29.24,29.34
2018-04-16,29.36,29.46
2018-04-17,29.305,29.405
2018-04-18,29.305,29.405
2018-04-19,29.29,29.39
2018-04-20,29.355,29.455
2018-04-23,29.475,29.575
2018-04-24,29.56,29.66
2018-04-25,29.6,29.7
2018-04-26,29.655,29.755
2018-04-27,29.57,29.67
2018-04-30,29.555,29.655
2018-05-02,29.685,29.785
2018-05-03,29.675,29.775
2018-05-04,29.655,29.755
2018-05-07,29.705,29.805
2018-05-08,29.73,29.83
2018-05-09,29.875,29.975
2018-05-10,29.81,29.91
2018-05-11,29.71,29.81
2018-05-14,29.68,29.78
2018-05-15,29.8,29.9
2018-05-16,29.825,29.925
2018-05-17,29.845,29.945
2018-05-18,29.855,29.955
2018-05-21,29.935,30.035
2018-05-22,29.85,29.95
2018-05-23,29.91,30.01
2018-05-24,29.87,29.97
2018-05-25,29.895,29.995
2018-05-28,29.88,29.98
2018-05-29,29.93,30.03
2018-05-30,29.98,30.08
2018-05-31,29.9,30
2018-06-01,29.79,29.89
2018-06-04,29.765,29.865
2018-06-05,29.755,29.855
2018-06-06,29.675,29.775
2018-06-07,29.665,29.765
2018-06-08,29.755,29.855
2018-06-11,29.76,29.86
2018-06-12,29.795,29.895
2018-06-13,29.83,29.93
2018-06-14,29.88,29.98
2018-06-15,29.935,30.035
2018-06-19,30.13,30.23
2018-06-20,30.09,30.19
2018-06-21,30.235,30.335
2018-06-22,30.25,30.35
2018-06-25,30.335,30.435
2018-06-26,30.35,30.45
2018-06-27,30.395,30.495
2018-06-28,30.525,30.625
2018-06-29,30.41,30.51
2018-07-02,30.46,30.56
2018-07-03,30.53,30.63
2018-07-04,30.435,30.535
2018-07-05,30.47,30.57
2018-07-06,30.44,30.54
2018-07-09,30.32,30.42
2018-07-10,30.335,30.435
2018-07-11,30.415,30.515
2018-07-12,30.48,30.58
2018-07-13,30.5,30.6
2018-07-16,30.52,30.62
2018-07-17,30.45,30.55
2018-07-18,30.525,30.625
2018-07-19,30.575,30.675
2018-07-20,30.655,30.755
2018-07-23,30.59,30.69
2018-07-24,30.65,30.75
2018-07-25,30.57,30.67
2018-07-26,30.51,30.61
2018-07-27,30.535,30.635
2018-07-30,30.55,30.65
2018-07-31,30.555,30.655
2018-08-01,30.55,30.65
2018-08-02,30.62,30.72
2018-08-03,30.65,30.75
2018-08-06,30.575,30.675
2018-08-07,30.56,30.66
2018-08-08,30.565,30.665
2018-08-09,30.57,30.67
2018-08-10,30.65,30.75
2018-08-13,30.76,30.86
2018-08-14,30.755,30.855
2018-08-15,30.8,30.9
2018-08-16,30.795,30.895
2018-08-17,30.745,30.845
2018-08-20,30.71,30.81
2018-08-21,30.67,30.77
2018-08-22,30.675,30.775
2018-08-23,30.73,30.83
2018-08-24,30.725,30.825
2018-08-27,30.715,30.815
2018-08-28,30.67,30.77
2018-08-29,30.645,30.745
2018-08-30,30.625,30.725
2018-08-31,30.665,30.765
2018-09-03,30.65,30.75
2018-09-04,30.7,30.8
2018-09-05,30.745,30.845
2018-09-06,30.74,30.84
2018-09-07,30.715,30.815
2018-09-10,30.76,30.86
2018-09-11,30.755,30.855
2018-09-12,30.755,30.855
2018-09-13,30.75,30.85
2018-09-14,30.69,30.79
2018-09-17,30.75,30.85
2018-09-18,30.755,30.855
2018-09-19,30.73,30.83
2018-09-20,30.74,30.84
2018-09-21,30.65,30.75
2018-09-25,30.61,30.71
2018-09-26,30.64,30.74
2018-09-27,30.54,30.64
2018-09-28,30.475,30.575
2018-10-01,30.48,30.58
2018-10-02,30.615,30.715
2018-10-03,30.61,30.71
2018-10-04,30.73,30.83
2018-10-05,30.775,30.875
2018-10-08,30.875,30.975
2018-10-09,30.91,31.01
2018-10-11,31.05,31.15
2018-10-12,30.81,30.91
2018-10-15,30.87,30.97
2018-10-16,30.855,30.955
2018-10-17,30.78,30.88
2018-10-18,30.9,31
2018-10-19,30.9,31
2018-10-22,30.865,30.965
2018-10-23,30.91,31.01
2018-10-24,30.89,30.99
2018-10-25,30.935,31.035
2018-10-26,30.945,31.045
2018-10-29,30.94,31.04
2018-10-30,30.925,31.025
2018-10-31,30.905,31.005
2018-11-01,30.865,30.965
2018-11-02,30.67,30.77
2018-11-05,30.705,30.805
2018-11-06,30.72,30.82
2018-11-07,30.7,30.8
2018-11-08,30.645,30.745
2018-11-09,30.75,30.85
2018-11-12,30.83,30.93
2018-11-13,30.845,30.945
2018-11-14,30.86,30.96
2018-11-15,30.79,30.89
2018-11-16,30.835,30.935
2018-11-19,30.85,30.95
2018-11-20,30.85,30.95
2018-11-21,30.835,30.935
2018-11-22,30.835,30.935
2018-11-23,30.845,30.945
2018-11-26,30.825,30.925
2018-11-27,30.84,30.94
2018-11-28,30.85,30.95
2018-11-29,30.78,30.88
2018-11-30,30.78,30.88
2018-12-03,30.68,30.78
2018-12-04,30.65,30.75
2018-12-05,30.75,30.85
2018-12-06,30.79,30.89
2018-12-07,30.78,30.88
2018-12-10,30.815,30.915
2018-12-11,30.84,30.94
2018-12-12,30.815,30.915
2018-12-13,30.79,30.89
2018-12-14,30.805,30.905
2018-12-17,30.815,30.915
2018-12-18,30.81,30.91
2018-12-19,30.755,30.855
2018-12-20,30.78,30.88
2018-12-21,30.745,30.845
2018-12-22,30.77,30.87
2018-12-24,30.78,30.88
2018-12-25,30.75,30.85
2018-12-26,30.76,30.86
2018-12-27,30.74,30.84
2018-12-28,30.665,30.765
2019-01-02,30.735,30.835
2019-01-03,30.825,30.925
2019-01-04,30.805,30.905
2019-01-07,30.755,30.855
2019-01-08,30.785,30.885
2019-01-09,30.745,30.845
2019-01-10,30.73,30.83
2019-01-11,30.745,30.845
2019-01-14,30.79,30.89
2019-01-15,30.765,30.865
2019-01-16,30.775,30.875
2019-01-17,30.795,30.895
2019-01-18,30.79,30.89
2019-01-19,30.785,30.885
2019-01-21,30.795,30.895
2019-01-22,30.84,30.94
2019-01-23,30.84,30.94
2019-01-24,30.83,30.93
2019-01-25,30.77,30.87
2019-01-28,30.74,30.84
2019-01-29,30.76,30.86
2019-01-30,30.71,30.81
2019-01-31,30.685,30.785
2019-02-01,30.685,30.785
2019-02-11,30.75,30.85
2019-02-12,30.78,30.88
2019-02-13,30.78,30.88
2019-02-14,30.78,30.88
2019-02-15,30.8,30.9
2019-02-18,30.79,30.89
2019-02-19,30.785,30.885
2019-02-20,30.775,30.875
2019-02-21,30.775,30.875
2019-02-22,30.77,30.87
2019-02-23,30.77,30.87
2019-02-25,30.74,30.84
2019-02-26,30.73,30.83
2019-02-27,30.72,30.82
2019-03-04,30.77,30.87
2019-03-05,30.79,30.89
2019-03-06,30.795,30.895
2019-03-07,30.815,30.915
2019-03-08,30.845,30.945
2019-03-11,30.85,30.95
2019-03-12,30.85,30.95
2019-03-13,30.85,30.95
2019-03-14,30.84,30.94
2019-03-15,30.825,30.925
2019-03-18,30.78,30.88
2019-03-19,30.78,30.88
2019-03-20,30.78,30.88
2019-03-21,30.76,30.86
2019-03-22,30.745,30.845
2019-03-25,30.77,30.87
2019-03-26,30.78,30.88
2019-03-27,30.8,30.9
2019-03-28,30.795,30.895
2019-03-29,30.77,30.87
2019-04-01,30.745,30.845
2019-04-02,30.785,30.885
2019-04-03,30.76,30.86
2019-04-08,30.78,30.88
2019-04-09,30.785,30.885
2019-04-10,30.785,30.885
2019-04-11,30.81,30.91
2019-04-12,30.825,30.925
2019-04-15,30.81,30.91
2019-04-16,30.82,30.92
2019-04-17,30.79,30.89
2019-04-18,30.79,30.89
2019-04-19,30.775,30.875
2019-04-22,30.8,30.9
2019-04-23,30.8,30.9
2019-04-24,30.815,30.915
2019-04-25,30.845,30.945
2019-04-26,30.845,30.945
2019-04-29,30.84,30.94
2019-04-30,30.845,30.945
2019-05-02,30.85,30.95
2019-05-03,30.845,30.945
2019-05-06,30.865,30.965
2019-05-07,30.855,30.955
2019-05-08,30.865,30.965
2019-05-09,30.9,31
2019-05-10,30.9,31
2019-05-13,31.015,31.115
2019-05-14,31.07,31.17
2019-05-15,31.05,31.15
2019-05-16,31.11,31.21
2019-05-17,31.235,31.335
2019-05-20,31.335,31.435
2019-05-21,31.41,31.51
2019-05-22,31.485,31.585
2019-05-23,31.485,31.585
2019-05-24,31.455,31.555
2019-05-27,31.395,31.495
2019-05-28,31.42,31.52
2019-05-29,31.525,31.625
2019-05-30,31.55,31.65
2019-05-31,31.55,31.65
2019-06-03,31.445,31.545
2019-06-04,31.41,31.51
2019-06-05,31.325,31.425
2019-06-06,31.325,31.425
2019-06-10,31.38,31.48
2019-06-11,31.375,31.475
2019-06-12,31.37,31.47
2019-06-13,31.45,31.55
2019-06-14,31.465,31.565
2019-06-17,31.46,31.56
2019-06-18,31.47,31.57
2019-06-19,31.295,31.395
2019-06-20,31.1,31.2
2019-06-21,31.055,31.155
2019-06-24,31.045,31.145
2019-06-25,31.025,31.125
2019-06-26,31.08,31.18
2019-06-27,31.03,31.13
2019-06-28,31.01,31.11
2019-07-01,30.93,31.03
2019-07-02,30.995,31.095
2019-07-03,31.065,31.165
2019-07-04,31.03,31.13
2019-07-05,31.045,31.145
2019-07-08,31.125,31.225
2019-07-09,31.115,31.215
2019-07-10,31.085,31.185
2019-07-11,30.97,31.07
2019-07-12,31.02,31.12
2019-07-15,30.99,31.09
2019-07-16,30.98,31.08
2019-07-17,31.02,31.12
2019-07-18,31.015,31.115
2019-07-19,30.99,31.09
2019-07-22,31.025,31.125
2019-07-23,31.025,31.125
2019-07-24,31.03,31.13
2019-07-25,31.02,31.12
2019-07-26,31.03,31.13
2019-07-29,31.045,31.145
2019-07-30,31.01,31.11
2019-07-31,31.04,31.14
2019-08-01,31.12,31.22
2019-08-02,31.325,31.425
2019-08-05,31.565,31.665
2019-08-06,31.44,31.54
2019-08-07,31.415,31.515
2019-08-08,31.305,31.405
2019-08-09,31.3,31.4
2019-08-12,31.35,31.45
2019-08-13,31.45,31.55
2019-08-14,31.35,31.45
2019-08-15,31.315,31.415
2019-08-16,31.31,31.41
2019-08-19,31.29,31.39
2019-08-20,31.345,31.445
2019-08-21,31.31,31.41
2019-08-22,31.325,31.425
2019-08-23,31.325,31.425
2019-08-26,31.36,31.46
2019-08-27,31.35,31.45
2019-08-28,31.365,31.465
2019-08-29,31.375,31.475
2019-08-30,31.34,31.44
2019-09-02,31.325,31.425
2019-09-03,31.37,31.47
2019-09-04,31.3,31.4
2019-09-05,31.22,31.32
2019-09-06,31.195,31.295
2019-09-09,31.195,31.295
2019-09-10,31.165,31.265
2019-09-11,31.155,31.255
2019-09-12,30.985,31.085
2019-09-16,30.92,31.02
2019-09-17,30.97,31.07
2019-09-18,30.925,31.025
2019-09-19,30.945,31.045
2019-09-20,30.91,31.01
2019-09-23,30.965,31.065
2019-09-24,30.945,31.045
2019-09-25,30.97,31.07
2019-09-26,30.965,31.065
2019-09-27,30.97,31.07
2019-09-30,30.99,31.09
2019-10-01,30.985,31.085
2019-10-02,31.005,31.105
2019-10-03,31,31.1
2019-10-04,30.905,31.005
2019-10-05,30.89,30.99
2019-10-07,30.835,30.935
2019-10-08,30.775,30.875
2019-10-09,30.785,30.885
2019-10-14,30.55,30.65
2019-10-15,30.62,30.72
2019-10-16,30.66,30.76
2019-10-17,30.61,30.71
2019-10-18,30.555,30.655
2019-10-21,30.525,30.625
2019-10-22,30.525,30.625
2019-10-23,30.54,30.64
2019-10-24,30.525,30.625
2019-10-25,30.52,30.62
2019-10-28,30.52,30.62
2019-10-29,30.455,30.555
2019-10-30,30.45,30.55
2019-10-31,30.39,30.49
2019-11-01,30.42,30.52
2019-11-04,30.335,30.435
2019-11-05,30.295,30.395
2019-11-06,30.345,30.445
2019-11-07,30.325,30.425
2019-11-08,30.345,30.445
2019-11-11,30.365,30.465
2019-11-12,30.365,30.465
2019-11-13,30.45,30.55
2019-11-14,30.51,30.61
2019-11-15,30.465,30.565
2019-11-18,30.44,30.54
2019-11-19,30.45,30.55
2019-11-20,30.43,30.53
2019-11-21,30.465,30.565
2019-11-22,30.46,30.56
2019-11-25,30.45,30.55
2019-11-26,30.46,30.56
2019-11-27,30.45,30.55
2019-11-28,30.44,30.54
2019-11-29,30.45,30.55
2019-12-02,30.445,30.545
2019-12-03,30.445,30.545
2019-12-04,30.45,30.55
2019-12-05,30.42,30.52
2019-12-06,30.435,30.535
2019-12-09,30.43,30.53
2019-12-10,30.42,30.52
2019-12-11,30.425,30.525
2019-12-12,30.3,30.4
2019-12-13,30.26,30.36
2019-12-16,30.17,30.27
2019-12-17,30.105,30.205
2019-12-18,30.125,30.225
2019-12-19,30.1,30.2
2019-12-20,30.1,30.2
2019-12-23,30.13,30.23
2019-12-24,30.1,30.2
2019-12-25,30.04,30.14
2019-12-26,30.065,30.165
2019-12-27,30.03,30.13
2019-12-30,29.97,30.07
2019-12-31,29.93,30.03
2020-01-02,30.04,30.14
2020-01-03,29.99,30.09
2020-01-06,30.03,30.13
2020-01-07,30,30.1
2020-01-08,30.005,30.105
2020-01-09,29.915,30.015
2020-01-10,29.96,30.06
2020-01-13,29.89,29.99
2020-01-14,29.845,29.945
2020-01-15,29.85,29.95
2020-01-16,29.88,29.98
2020-01-17,29.875,29.975
2020-01-20,29.9,30
2020-01-21,29.935,30.035
2020-01-22,29.925,30.025
2020-01-30,30.21,30.31
2020-01-31,30.14,30.24
2020-02-03,30.21,30.31
2020-02-04,30.09,30.19
2020-02-05,30.045,30.145
2020-02-06,29.985,30.085
2020-02-07,30.055,30.155
2020-02-10,30,30.1
2020-02-11,29.98,30.08
2020-02-12,29.945,30.045
2020-02-13,29.93,30.03
2020-02-14,29.96,30.06
2020-02-15,29.95,30.05
2020-02-17,29.945,30.045
2020-02-18,30.05,30.15
2020-02-19,30.055,30.155
2020-02-20,30.19,30.29
2020-02-21,30.345,30.445
2020-02-24,30.39,30.49
2020-02-25,30.29,30.39
2020-02-26,30.31,30.41
2020-02-27,30.2,30.3
2020-03-02,30.04,30.14
2020-03-03,29.98,30.08
2020-03-04,29.95,30.05
2020-03-05,29.87,29.97
2020-03-06,29.935,30.035
2020-03-09,30.03,30.13
2020-03-10,29.94,30.04
2020-03-11,30.01,30.11
2020-03-12,30.03,30.13
2020-03-13,30.09,30.19
2020-03-16,30.115,30.215
2020-03-17,30.145,30.245
2020-03-18,30.205,30.305
2020-03-19,30.385,30.485
2020-03-20,30.18,30.28
2020-03-23,30.3,30.4
2020-03-24,30.245,30.345
2020-03-25,30.245,30.345
2020-03-26,30.215,30.315
2020-03-27,30.165,30.265
2020-03-30,30.155,30.255
2020-03-31,30.175,30.275
2020-04-01,30.21,30.31
2020-04-06,30.13,30.23
2020-04-07,30.045,30.145
2020-04-08,30.065,30.165
2020-04-09,30.035,30.135
2020-04-10,30.015,30.115
2020-04-13,30.02,30.12
2020-04-14,29.985,30.085
2020-04-15,29.975,30.075
2020-04-16,30.015,30.115
2020-04-17,30.015,30.115
2020-04-20,29.985,30.085
2020-04-21,30.01,30.11
2020-04-22,30.005,30.105
2020-04-23,30.02,30.12
2020-04-24,29.99,30.09
2020-04-27,29.96,30.06
2020-04-28,29.935,30.035
2020-04-29,29.86,29.96
2020-04-30,29.69,29.79
2020-05-04,29.8,29.9
2020-05-05,29.785,29.885
2020-05-06,29.845,29.945
2020-05-07,29.87,29.97
2020-05-08,29.81,29.91
2020-05-11,29.79,29.89
2020-05-12,29.825,29.925
2020-05-13,29.825,29.925
2020-05-14,29.845,29.945
2020-05-15,29.85,29.95
2020-05-18,29.925,30.025
2020-05-19,29.865,29.965
2020-05-20,29.895,29.995
2020-05-21,29.865,29.965
2020-05-22,29.935,30.035
2020-05-25,29.99,30.09
2020-05-26,29.91,30.01
2020-05-27,29.96,30.06
2020-05-28,29.97,30.07
2020-05-29,29.97,30.07
2020-06-01,29.875,29.975
2020-06-02,29.905,30.005
2020-06-03,29.83,29.93
2020-06-04,29.83,29.93
2020-06-05,29.75,29.85
2020-06-08,29.73,29.83
2020-06-09,29.705,29.805
2020-06-10,29.59,29.69
2020-06-11,29.62,29.72
2020-06-12,29.61,29.71
2020-06-15,29.625,29.725
2020-06-16,29.59,29.69
2020-06-17,29.61,29.71
2020-06-18,29.58,29.68
2020-06-19,29.58,29.68
2020-06-20,29.585,29.685
2020-06-22,29.58,29.68
2020-06-23,29.56,29.66
2020-06-24,29.57,29.67
2020-06-29,29.53,29.63
2020-06-30,29.58,29.68
2020-07-01,29.54,29.64
2020-07-02,29.51,29.61
2020-07-03,29.52,29.62
2020-07-06,29.48,29.58
2020-07-07,29.5,29.6
2020-07-08,29.52,29.62
2020-07-09,29.5,29.6
2020-07-10,29.53,29.63
2020-07-13,29.5,29.6
2020-07-14,29.51,29.61
2020-07-15,29.5,29.6
2020-07-16,29.51,29.61
2020-07-17,29.51,29.61
2020-07-20,29.485,29.585
2020-07-21,29.48,29.58
2020-07-22,29.45,29.55
2020-07-23,29.455,29.555
2020-07-24,29.47,29.57
2020-07-27,29.43,29.53
2020-07-28,29.43,29.53
2020-07-29,29.42,29.52
2020-07-30,29.445,29.545
2020-07-31,29.43,29.53
2020-08-03,29.45,29.55
2020-08-04,29.46,29.56
2020-08-05,29.44,29.54
2020-08-06,29.43,29.53
2020-08-07,29.44,29.54
2020-08-10,29.44,29.54
2020-08-11,29.45,29.55
2020-08-12,29.47,29.57
2020-08-13,29.46,29.56
2020-08-14,29.47,29.57
2020-08-17,29.45,29.55
2020-08-18,29.43,29.53
2020-08-19,29.43,29.53
2020-08-20,29.44,29.54
2020-08-21,29.43,29.53
2020-08-24,29.43,29.53
2020-08-25,29.43,29.53
2020-08-26,29.43,29.53
2020-08-27,29.425,29.525
2020-08-28,29.435,29.535
2020-08-31,29.44,29.54
2020-09-01,29.435,29.535
2020-09-02,29.44,29.54
2020-09-03,29.44,29.54
2020-09-04,29.445,29.545
2020-09-07,29.44,29.54
2020-09-08,29.43,29.53
2020-09-09,29.44,29.54
2020-09-10,29.43,29.53
2020-09-11,29.42,29.52
2020-09-14,29.4,29.5
2020-09-15,29.295,29.395
2020-09-16,29.22,29.32
2020-09-17,29.22,29.32
2020-09-18,29.07,29.17
2020-09-21,29.07,29.17
2020-09-22,29.12,29.22
2020-09-23,29.13,29.23
2020-09-24,29.23,29.33
2020-09-25,29.19,29.29
2020-09-26,29.19,29.29
2020-09-28,29.13,29.23
2020-09-29,29.07,29.17
2020-09-30,29.05,29.15
2020-10-05,28.94,29.04
2020-10-06,28.88,28.98
2020-10-07,28.88,28.98
2020-10-08,28.88,28.98
2020-10-12,28.83,28.93
2020-10-13,28.84,28.94
2020-10-14,28.87,28.97
2020-10-15,28.875,28.975
2020-10-16,28.9,29
2020-10-19,28.87,28.97
2020-10-20,28.85,28.95
2020-10-21,28.81,28.91
2020-10-22,28.82,28.92
2020-10-23,28.84,28.94
2020-10-26,28.82,28.92
2020-10-27,28.79,28.89
2020-10-28,28.82,28.92
2020-10-29,28.83,28.93
2020-10-30,28.84,28.94
2020-11-02,28.83,28.93
2020-11-03,28.84,28.94
2020-11-04,28.93,29.03
2020-11-05,28.79,28.89
2020-11-06,28.79,28.89
2020-11-09,28.75,28.85
2020-11-10,28.78,28.88
2020-11-11,28.75,28.85
2020-11-12,28.78,28.88
2020-11-13,28.77,28.87
2020-11-16,28.74,28.84
2020-11-17,28.75,28.85
2020-11-18,28.68,28.78
2020-11-19,28.75,28.85
2020-11-20,28.75,28.85
2020-11-23,28.73,28.83
2020-11-24,28.76,28.86
2020-11-25,28.75,28.85
2020-11-26,28.74,28.84
2020-11-27,28.74,28.84
2020-11-30,28.76,28.86
2020-12-01,28.75,28.85
2020-12-02,28.69,28.79
2020-12-03,28.6,28.7
2020-12-04,28.45,28.55
2020-12-07,28.46,28.56
2020-12-08,28.45,28.55
2020-12-09,28.45,28.55
2020-12-10,28.44,28.54
2020-12-11,28.36,28.46
2020-12-14,28.37,28.47
2020-12-15,28.38,28.48
2020-12-16,28.4,28.5
2020-12-17,28.4,28.5
2020-12-18,28.41,28.51
2020-12-21,28.44,28.54
2020-12-22,28.47,28.57
2020-12-23,28.48,28.58
2020-12-24,28.46,28.56
2020-12-25,28.47,28.57
2020-12-28,28.45,28.55
2020-12-29,28.45,28.55
2020-12-30,28.43,28.53
2020-12-31,28.43,28.53
2021-01-04,28.35,28.45
2021-01-05,28.33,28.43
2021-01-06,28.33,28.43
2021-01-07,28.35,28.45
2021-01-08,28.38,28.48
2021-01-11,28.41,28.51
2021-01-12,28.41,28.51
2021-01-13,28.37,28.47
2021-01-14,28.39,28.49
2021-01-15,28.41,28.51
2021-01-18,28.41,28.51
2021-01-19,28.4,28.5
2021-01-20,28.34,28.44
2021-01-21,28.3,28.4
2021-01-22,28.31,28.41
2021-01-25,28.31,28.41
2021-01-26,28.34,28.44
2021-01-27,28.31,28.41
